"Date","state","Series"
0,"AK",0
0,"AL",0
0,"AR",0
0,"AZ",0
0,"CA",0
0,"CO",0
0,"CT",0
0,"DE",0
0,"FL",0
0,"GA",0
0,"HI",0
0,"IA",0
0,"ID",0
0,"IL",0
0,"IN",0
0,"KS",0
0,"KY",0
0,"LA",0
0,"MA",0
0,"MD",0
0,"ME",0
0,"MI",0
0,"MN",0
0,"MO",0
0,"MS",0
0,"MT",0
0,"NC",0
0,"ND",0
0,"NE",0
0,"NH",0
0,"NJ",0
0,"NM",0
0,"NV",0
0,"NY",0
0,"OH",0
0,"OK",0
0,"OR",0
0,"PA",0
0,"RI",0
0,"SC",0
0,"SD",0
0,"TN",0
0,"TX",0
0,"UT",0
0,"VA",0
0,"VT",0
0,"WA",0
0,"WI",0
0,"WV",0
0,"WY",0
7,"AK",0
7,"AL",0
7,"AR",0
7,"AZ",0
7,"CA",0
7,"CO",0
7,"CT",0
7,"DE",0
7,"FL",0
7,"GA",0
7,"HI",0
7,"IA",0
7,"ID",0
7,"IL",0
7,"IN",0
7,"KS",0
7,"KY",0
7,"LA",0
7,"MA",0
7,"MD",0
7,"ME",0
7,"MI",0
7,"MN",0
7,"MO",0
7,"MS",0
7,"MT",0
7,"NC",0
7,"ND",0
7,"NE",0
7,"NH",0
7,"NJ",0
7,"NM",0
7,"NV",0
7,"NY",0
7,"OH",0
7,"OK",0
7,"OR",0
7,"PA",0
7,"RI",0
7,"SC",0
7,"SD",0
7,"TN",0
7,"TX",0
7,"UT",0
7,"VA",0
7,"VT",0
7,"WA",0
7,"WI",0
7,"WV",0
7,"WY",0
14,"AK",0
14,"AL",0
14,"AR",0
14,"AZ",0
14,"CA",0
14,"CO",0
14,"CT",0
14,"DE",0
14,"FL",0
14,"GA",0
14,"HI",0
14,"IA",0
14,"ID",0
14,"IL",0
14,"IN",0
14,"KS",0
14,"KY",0
14,"LA",0
14,"MA",0
14,"MD",0
14,"ME",0
14,"MI",0
14,"MN",0
14,"MO",0
14,"MS",0
14,"MT",0
14,"NC",0
14,"ND",0
14,"NE",0
14,"NH",0
14,"NJ",0
14,"NM",0
14,"NV",0
14,"NY",0
14,"OH",0
14,"OK",0
14,"OR",0
14,"PA",0
14,"RI",0
14,"SC",0
14,"SD",0
14,"TN",0
14,"TX",0
14,"UT",0
14,"VA",0
14,"VT",0
14,"WA",0
14,"WI",0
14,"WV",0
14,"WY",0
21,"AK",0
21,"AL",0
21,"AR",0
21,"AZ",0
21,"CA",0
21,"CO",0
21,"CT",0
21,"DE",0
21,"FL",0
21,"GA",0
21,"HI",0
21,"IA",0
21,"ID",0
21,"IL",0
21,"IN",0
21,"KS",0
21,"KY",0
21,"LA",0
21,"MA",0
21,"MD",0
21,"ME",0
21,"MI",0
21,"MN",0
21,"MO",0
21,"MS",0
21,"MT",0
21,"NC",0
21,"ND",0
21,"NE",0
21,"NH",0
21,"NJ",0
21,"NM",0
21,"NV",0
21,"NY",0
21,"OH",0
21,"OK",0
21,"OR",0
21,"PA",0
21,"RI",0
21,"SC",0
21,"SD",0
21,"TN",0
21,"TX",0
21,"UT",0
21,"VA",0
21,"VT",0
21,"WA",0
21,"WI",0
21,"WV",0
21,"WY",0
28,"AK",0
28,"AL",0
28,"AR",0
28,"AZ",0
28,"CA",0
28,"CO",0
28,"CT",0
28,"DE",0
28,"FL",0
28,"GA",0
28,"HI",0
28,"IA",0
28,"ID",0
28,"IL",0
28,"IN",0
28,"KS",0
28,"KY",0
28,"LA",0
28,"MA",0
28,"MD",0
28,"ME",0
28,"MI",0
28,"MN",0
28,"MO",0
28,"MS",0
28,"MT",0
28,"NC",0
28,"ND",0
28,"NE",0
28,"NH",0
28,"NJ",0
28,"NM",0
28,"NV",0
28,"NY",0
28,"OH",0
28,"OK",0
28,"OR",0
28,"PA",0
28,"RI",0
28,"SC",0
28,"SD",0
28,"TN",0
28,"TX",0
28,"UT",0
28,"VA",0
28,"VT",0
28,"WA",0
28,"WI",0
28,"WV",0
28,"WY",0
35,"AK",0
35,"AL",0
35,"AR",0
35,"AZ",0
35,"CA",0
35,"CO",0
35,"CT",0
35,"DE",0
35,"FL",0
35,"GA",0
35,"HI",0
35,"IA",0
35,"ID",0
35,"IL",0
35,"IN",0
35,"KS",0
35,"KY",0
35,"LA",0
35,"MA",0
35,"MD",0
35,"ME",0
35,"MI",0
35,"MN",0
35,"MO",0
35,"MS",0
35,"MT",0
35,"NC",0
35,"ND",0
35,"NE",0
35,"NH",0
35,"NJ",0
35,"NM",0
35,"NV",0
35,"NY",0
35,"OH",0
35,"OK",0
35,"OR",0
35,"PA",0
35,"RI",0
35,"SC",0
35,"SD",0
35,"TN",0
35,"TX",0
35,"UT",0
35,"VA",0
35,"VT",0
35,"WA",0
35,"WI",0
35,"WV",0
35,"WY",0
42,"AK",0
42,"AL",0
42,"AR",0
42,"AZ",0
42,"CA",0
42,"CO",0
42,"CT",0
42,"DE",0
42,"FL",0
42,"GA",0
42,"HI",0
42,"IA",0
42,"ID",0
42,"IL",0
42,"IN",0
42,"KS",0
42,"KY",0
42,"LA",0
42,"MA",0
42,"MD",0
42,"ME",0
42,"MI",0
42,"MN",0
42,"MO",0
42,"MS",0
42,"MT",0
42,"NC",0
42,"ND",0
42,"NE",0
42,"NH",0
42,"NJ",0
42,"NM",0
42,"NV",0
42,"NY",0
42,"OH",0
42,"OK",0
42,"OR",0
42,"PA",0
42,"RI",0
42,"SC",0
42,"SD",0
42,"TN",0
42,"TX",0
42,"UT",0
42,"VA",0
42,"VT",0
42,"WA",0
42,"WI",0
42,"WV",0
42,"WY",0
49,"AK",0
49,"AL",0
49,"AR",0
49,"AZ",0
49,"CA",0
49,"CO",0
49,"CT",0
49,"DE",0
49,"FL",0
49,"GA",0
49,"HI",0
49,"IA",0
49,"ID",0
49,"IL",0
49,"IN",0
49,"KS",0
49,"KY",0
49,"LA",0
49,"MA",0
49,"MD",0
49,"ME",0
49,"MI",0
49,"MN",0
49,"MO",0
49,"MS",0
49,"MT",0
49,"NC",0
49,"ND",0
49,"NE",0
49,"NH",0
49,"NJ",0
49,"NM",0
49,"NV",0
49,"NY",0
49,"OH",0
49,"OK",0
49,"OR",0
49,"PA",0
49,"RI",0
49,"SC",0
49,"SD",0
49,"TN",0
49,"TX",0
49,"UT",0
49,"VA",0
49,"VT",0
49,"WA",0
49,"WI",0
49,"WV",0
49,"WY",0
56,"AK",0
56,"AL",0
56,"AR",0
56,"AZ",0
56,"CA",0
56,"CO",0
56,"CT",0
56,"DE",0
56,"FL",0
56,"GA",0
56,"HI",0
56,"IA",0
56,"ID",0
56,"IL",0
56,"IN",0
56,"KS",0
56,"KY",0
56,"LA",0
56,"MA",0
56,"MD",0
56,"ME",0
56,"MI",0
56,"MN",0
56,"MO",0
56,"MS",0
56,"MT",0
56,"NC",0
56,"ND",0
56,"NE",0
56,"NH",0
56,"NJ",0
56,"NM",0
56,"NV",0
56,"NY",0
56,"OH",0
56,"OK",0
56,"OR",0
56,"PA",0
56,"RI",0
56,"SC",0
56,"SD",0
56,"TN",0
56,"TX",0
56,"UT",0
56,"VA",0
56,"VT",0
56,"WA",0
56,"WI",0
56,"WV",0
56,"WY",0
63,"AK",0
63,"AL",0
63,"AR",0
63,"AZ",0
63,"CA",0
63,"CO",0
63,"CT",0
63,"DE",0
63,"FL",0
63,"GA",0
63,"HI",0
63,"IA",0
63,"ID",0
63,"IL",0
63,"IN",0
63,"KS",0
63,"KY",0
63,"LA",0
63,"MA",0
63,"MD",0
63,"ME",0
63,"MI",0
63,"MN",0
63,"MO",0
63,"MS",0
63,"MT",0
63,"NC",0
63,"ND",0
63,"NE",0
63,"NH",0
63,"NJ",0
63,"NM",0
63,"NV",0
63,"NY",0
63,"OH",0
63,"OK",0
63,"OR",0
63,"PA",0
63,"RI",0
63,"SC",0
63,"SD",0
63,"TN",0
63,"TX",0
63,"UT",0
63,"VA",0
63,"VT",0
63,"WA",0
63,"WI",0
63,"WV",0
63,"WY",0
70,"AK",0
70,"AL",0
70,"AR",0
70,"AZ",0
70,"CA",0
70,"CO",0
70,"CT",0
70,"DE",0
70,"FL",0
70,"GA",0
70,"HI",0
70,"IA",0
70,"ID",0
70,"IL",0
70,"IN",0
70,"KS",0
70,"KY",0
70,"LA",0
70,"MA",0
70,"MD",0
70,"ME",0
70,"MI",0
70,"MN",0
70,"MO",0
70,"MS",0
70,"MT",0
70,"NC",0
70,"ND",0
70,"NE",0
70,"NH",0
70,"NJ",0
70,"NM",0
70,"NV",0
70,"NY",0
70,"OH",0
70,"OK",0
70,"OR",0
70,"PA",0
70,"RI",0
70,"SC",0
70,"SD",0
70,"TN",0
70,"TX",0
70,"UT",0
70,"VA",0
70,"VT",0
70,"WA",0
70,"WI",0
70,"WV",0
70,"WY",0
77,"AK",0
77,"AL",0
77,"AR",0
77,"AZ",0
77,"CA",0
77,"CO",0
77,"CT",0
77,"DE",0
77,"FL",0
77,"GA",0
77,"HI",0
77,"IA",0
77,"ID",0
77,"IL",0
77,"IN",0
77,"KS",0
77,"KY",0
77,"LA",0
77,"MA",0
77,"MD",0
77,"ME",0
77,"MI",0
77,"MN",0
77,"MO",0
77,"MS",0
77,"MT",0
77,"NC",0
77,"ND",0
77,"NE",0
77,"NH",0
77,"NJ",0
77,"NM",0
77,"NV",0
77,"NY",0
77,"OH",0
77,"OK",0
77,"OR",0
77,"PA",0
77,"RI",0
77,"SC",0
77,"SD",0
77,"TN",0
77,"TX",0
77,"UT",0
77,"VA",0
77,"VT",0
77,"WA",0
77,"WI",0
77,"WV",0
77,"WY",0
84,"AK",16.3
84,"AL",8.9
84,"AR",9.5
84,"AZ",10.5
84,"CA",8.8
84,"CO",10.6
84,"CT",9.9
84,"DE",10.7
84,"FL",9.8
84,"GA",8.6
84,"HI",13
84,"IA",10.2
84,"ID",10.2
84,"IL",9.5
84,"IN",11.1
84,"KS",9.4
84,"KY",10.2
84,"LA",10.2
84,"MA",10.9
84,"MD",11
84,"ME",11.6
84,"MI",10.3
84,"MN",11
84,"MO",9.2
84,"MS",9.7
84,"MT",11.8
84,"NC",9.9
84,"ND",12.3
84,"NE",11.1
84,"NH",9.4
84,"NJ",10.7
84,"NM",14.6
84,"NV",9.9
84,"NY",9.5
84,"OH",10.4
84,"OK",12.1
84,"OR",10.6
84,"PA",9.1
84,"RI",9.2
84,"SC",10
84,"SD",13.1
84,"TN",8.7
84,"TX",8.8
84,"UT",7.6
84,"VA",11.1
84,"VT",11.2
84,"WA",10.8
84,"WI",11.2
84,"WV",13
84,"WY",12.3
91,"AK",18.6
91,"AL",10.7
91,"AR",10.6
91,"AZ",13.1
91,"CA",11
91,"CO",13
91,"CT",14.8
91,"DE",12.8
91,"FL",11.9
91,"GA",9.9
91,"HI",15.2
91,"IA",13.6
91,"ID",12.1
91,"IL",12.6
91,"IN",13
91,"KS",11.7
91,"KY",12.5
91,"LA",12.1
91,"MA",13.7
91,"MD",12.9
91,"ME",14.4
91,"MI",12.2
91,"MN",13.5
91,"MO",10.8
91,"MS",11.3
91,"MT",14.4
91,"NC",12.6
91,"ND",15.1
91,"NE",13.7
91,"NH",12
91,"NJ",13.1
91,"NM",17.6
91,"NV",12
91,"NY",11.4
91,"OH",12.6
91,"OK",13.5
91,"OR",12.3
91,"PA",12
91,"RI",11.7
91,"SC",11.6
91,"SD",16
91,"TN",10.1
91,"TX",10.1
91,"UT",8.8
91,"VA",13.1
91,"VT",13.5
91,"WA",13
91,"WI",13.4
91,"WV",14.7
91,"WY",14.1
98,"AK",20.3
98,"AL",12
98,"AR",11.8
98,"AZ",14.8
98,"CA",13.5
98,"CO",15.6
98,"CT",17.3
98,"DE",13.9
98,"FL",13.7
98,"GA",11.2
98,"HI",16.8
98,"IA",16.6
98,"ID",14.4
98,"IL",14.5
98,"IN",14.7
98,"KS",14.1
98,"KY",14.4
98,"LA",13.8
98,"MA",16.1
98,"MD",14.5
98,"ME",16.5
98,"MI",14.3
98,"MN",15.7
98,"MO",12.6
98,"MS",12.8
98,"MT",16.2
98,"NC",14.2
98,"ND",17.1
98,"NE",15.6
98,"NH",14.7
98,"NJ",15.4
98,"NM",20.6
98,"NV",13.7
98,"NY",13.3
98,"OH",14.5
98,"OK",15.2
98,"OR",14.4
98,"PA",14.3
98,"RI",17
98,"SC",13.1
98,"SD",19
98,"TN",11.6
98,"TX",11.2
98,"UT",10
98,"VA",14.7
98,"VT",15.8
98,"WA",15
98,"WI",16
98,"WV",16.3
98,"WY",16
105,"AK",22.3
105,"AL",13.4
105,"AR",13.9
105,"AZ",17.1
105,"CA",16.1
105,"CO",17.5
105,"CT",20.4
105,"DE",16.4
105,"FL",15.8
105,"GA",12.3
105,"HI",19
105,"IA",19.3
105,"ID",16.5
105,"IL",16.5
105,"IN",16.7
105,"KS",16.9
105,"KY",17.4
105,"LA",16.3
105,"MA",19
105,"MD",17.2
105,"ME",19.7
105,"MI",17
105,"MN",18.8
105,"MO",15.1
105,"MS",15.2
105,"MT",19.2
105,"NC",16.4
105,"ND",20.3
105,"NE",18.7
105,"NH",17.6
105,"NJ",18.7
105,"NM",23.5
105,"NV",16
105,"NY",16.9
105,"OH",16.9
105,"OK",17.8
105,"OR",16.7
105,"PA",16.6
105,"RI",20.9
105,"SC",15
105,"SD",22.4
105,"TN",13.8
105,"TX",13.7
105,"UT",11.4
105,"VA",17.1
105,"VT",18.9
105,"WA",17.9
105,"WI",18.5
105,"WV",18.8
105,"WY",18.2
112,"AK",24.9
112,"AL",15.2
112,"AR",16.7
112,"AZ",19.5
112,"CA",18.8
112,"CO",20.1
112,"CT",24.2
112,"DE",18.9
112,"FL",18.5
112,"GA",14.1
112,"HI",22
112,"IA",22
112,"ID",18.8
112,"IL",18.9
112,"IN",18.9
112,"KS",19.8
112,"KY",20.7
112,"LA",18.7
112,"MA",22.3
112,"MD",20.8
112,"ME",24.3
112,"MI",19.9
112,"MN",22.3
112,"MO",17.9
112,"MS",17.3
112,"MT",22.1
112,"NC",18.6
112,"ND",23.5
112,"NE",21.6
112,"NH",20.8
112,"NJ",22.6
112,"NM",26.4
112,"NV",18.5
112,"NY",22.1
112,"OH",19.5
112,"OK",21.1
112,"OR",19.6
112,"PA",19.2
112,"RI",25.3
112,"SC",17.2
112,"SD",25.3
112,"TN",16
112,"TX",16.9
112,"UT",14.2
112,"VA",20.3
112,"VT",22.9
112,"WA",21.2
112,"WI",21.6
112,"WV",21.6
112,"WY",20.7
119,"AK",30.8
119,"AL",17.7
119,"AR",19.6
119,"AZ",22.6
119,"CA",22
119,"CO",23.6
119,"CT",29.2
119,"DE",22.8
119,"FL",21.9
119,"GA",16.8
119,"HI",26.3
119,"IA",26
119,"ID",21.2
119,"IL",22.7
119,"IN",21.1
119,"KS",23.7
119,"KY",24.9
119,"LA",21.3
119,"MA",26.8
119,"MD",25.4
119,"ME",30.1
119,"MI",23.7
119,"MN",26.5
119,"MO",21.1
119,"MS",19.8
119,"MT",25.2
119,"NC",22.5
119,"ND",27.4
119,"NE",25.7
119,"NH",25.9
119,"NJ",27.5
119,"NM",30.2
119,"NV",22
119,"NY",26.4
119,"OH",23.7
119,"OK",24.2
119,"OR",23
119,"PA",23.8
119,"RI",29.8
119,"SC",21.1
119,"SD",28.9
119,"TN",18.5
119,"TX",20.7
119,"UT",17.6
119,"VA",23.9
119,"VT",28.4
119,"WA",24.9
119,"WI",26.3
119,"WV",24.6
119,"WY",23.4
126,"AK",32.8
126,"AL",20.1
126,"AR",22.2
126,"AZ",25.4
126,"CA",26.1
126,"CO",27.1
126,"CT",33
126,"DE",26.9
126,"FL",24.9
126,"GA",20.2
126,"HI",31.5
126,"IA",29.2
126,"ID",23.8
126,"IL",26.2
126,"IN",23.4
126,"KS",27.3
126,"KY",28.3
126,"LA",24.1
126,"MA",30.7
126,"MD",29.2
126,"ME",33.9
126,"MI",27.1
126,"MN",29.7
126,"MO",23.8
126,"MS",21.7
126,"MT",28.4
126,"NC",25.5
126,"ND",30.1
126,"NE",28.6
126,"NH",29
126,"NJ",31.1
126,"NM",33.1
126,"NV",24.8
126,"NY",29.8
126,"OH",27.5
126,"OK",26.9
126,"OR",25.9
126,"PA",27.4
126,"RI",32.6
126,"SC",24.1
126,"SD",31.8
126,"TN",21.1
126,"TX",23.2
126,"UT",20.3
126,"VA",27.7
126,"VT",32.8
126,"WA",28
126,"WI",30
126,"WV",27.2
126,"WY",25
133,"AK",34.3
133,"AL",22.4
133,"AR",24.6
133,"AZ",28.2
133,"CA",29.4
133,"CO",31.1
133,"CT",37.2
133,"DE",31.2
133,"FL",28.1
133,"GA",23.3
133,"HI",34.6
133,"IA",32.5
133,"ID",26.3
133,"IL",29.4
133,"IN",25.8
133,"KS",30.5
133,"KY",31
133,"LA",26.3
133,"MA",35.1
133,"MD",32.9
133,"ME",38
133,"MI",30.8
133,"MN",33.1
133,"MO",26.6
133,"MS",23.2
133,"MT",31
133,"NC",27.9
133,"ND",32.1
133,"NE",31.9
133,"NH",29.6
133,"NJ",34.9
133,"NM",36
133,"NV",26.9
133,"NY",33.1
133,"OH",31.2
133,"OK",29.1
133,"OR",29.5
133,"PA",30.9
133,"RI",35.4
133,"SC",26.6
133,"SD",35.4
133,"TN",23.7
133,"TX",25.9
133,"UT",23
133,"VA",31.5
133,"VT",36.3
133,"WA",31.1
133,"WI",34
133,"WV",29.3
133,"WY",26.9
140,"AK",36.2
140,"AL",24.5
140,"AR",26.6
140,"AZ",30.2
140,"CA",32.4
140,"CO",34.8
140,"CT",41.1
140,"DE",34.8
140,"FL",30.5
140,"GA",26
140,"HI",37
140,"IA",36.1
140,"ID",28.2
140,"IL",31.8
140,"IN",28.3
140,"KS",32.9
140,"KY",32.9
140,"LA",26.9
140,"MA",39
140,"MD",36.1
140,"ME",42
140,"MI",33.6
140,"MN",36.1
140,"MO",28.9
140,"MS",24.5
140,"MT",33.3
140,"NC",30.9
140,"ND",33.4
140,"NE",34.7
140,"NH",30.3
140,"NJ",38.4
140,"NM",39.3
140,"NV",29.4
140,"NY",37
140,"OH",33.7
140,"OK",30.6
140,"OR",32.6
140,"PA",34.1
140,"RI",38.9
140,"SC",28.5
140,"SD",38.3
140,"TN",25.8
140,"TX",28.4
140,"UT",25.5
140,"VA",35
140,"VT",40.2
140,"WA",34.1
140,"WI",37
140,"WV",31
140,"WY",28.6
147,"AK",37.2
147,"AL",26.2
147,"AR",28.3
147,"AZ",32.5
147,"CA",36.2
147,"CO",39.1
147,"CT",45.9
147,"DE",37.9
147,"FL",33.8
147,"GA",28.3
147,"HI",41.2
147,"IA",39
147,"ID",29.9
147,"IL",34.9
147,"IN",30.9
147,"KS",35.5
147,"KY",35.1
147,"LA",29
147,"MA",44.1
147,"MD",40.2
147,"ME",46.6
147,"MI",36.8
147,"MN",39.5
147,"MO",31.3
147,"MS",25.5
147,"MT",35.1
147,"NC",33
147,"ND",34.5
147,"NE",38.4
147,"NH",33.4
147,"NJ",42.3
147,"NM",42.2
147,"NV",32.3
147,"NY",40.8
147,"OH",36.6
147,"OK",31.7
147,"OR",36.8
147,"PA",37.3
147,"RI",42.8
147,"SC",30.7
147,"SD",40.1
147,"TN",28.4
147,"TX",30.9
147,"UT",28
147,"VA",38.5
147,"VT",44.4
147,"WA",37.9
147,"WI",40
147,"WV",32.3
147,"WY",29.9
154,"AK",38
154,"AL",27.8
154,"AR",29.5
154,"AZ",33.9
154,"CA",39.3
154,"CO",41.9
154,"CT",49.3
154,"DE",39.8
154,"FL",36.2
154,"GA",29.5
154,"HI",44.7
154,"IA",41.2
154,"ID",31.2
154,"IL",37.1
154,"IN",33
154,"KS",36.7
154,"KY",36.6
154,"LA",29.9
154,"MA",47.7
154,"MD",43.7
154,"ME",50.1
154,"MI",39.2
154,"MN",42.4
154,"MO",32.8
154,"MS",26.2
154,"MT",36.6
154,"NC",34.4
154,"ND",35.3
154,"NE",40
154,"NH",37.9
154,"NJ",45.2
154,"NM",44.9
154,"NV",34.3
154,"NY",43.4
154,"OH",38.1
154,"OK",32.6
154,"OR",40
154,"PA",40.1
154,"RI",48
154,"SC",32
154,"SD",41.2
154,"TN",30.2
154,"TX",33.1
154,"UT",30.2
154,"VA",41.3
154,"VT",48.4
154,"WA",41.3
154,"WI",42
154,"WV",33
154,"WY",30.6
161,"AK",38.8
161,"AL",29
161,"AR",30.5
161,"AZ",35.3
161,"CA",41.9
161,"CO",44.2
161,"CT",52
161,"DE",41.7
161,"FL",38
161,"GA",30.9
161,"HI",47.1
161,"IA",42.9
161,"ID",32.2
161,"IL",39.1
161,"IN",34.6
161,"KS",37.8
161,"KY",37.7
161,"LA",30.7
161,"MA",51.2
161,"MD",46.5
161,"ME",53.2
161,"MI",40.9
161,"MN",44.9
161,"MO",33.8
161,"MS",26.9
161,"MT",37.7
161,"NC",35.5
161,"ND",36.1
161,"NE",41.3
161,"NH",41.4
161,"NJ",47.6
161,"NM",46.8
161,"NV",35.9
161,"NY",45.6
161,"OH",39.4
161,"OK",33.3
161,"OR",43.3
161,"PA",42.3
161,"RI",50.2
161,"SC",33
161,"SD",42
161,"TN",31.2
161,"TX",34.6
161,"UT",32
161,"VA",43.7
161,"VT",53.6
161,"WA",44.6
161,"WI",43.7
161,"WV",33.7
161,"WY",31.4
168,"AK",39.4
168,"AL",29.3
168,"AR",31.3
168,"AZ",36.2
168,"CA",43.3
168,"CO",45.6
168,"CT",53.7
168,"DE",43.5
168,"FL",39.3
168,"GA",32.1
168,"HI",47.8
168,"IA",44
168,"ID",32.9
168,"IL",40.2
168,"IN",35.5
168,"KS",38.5
168,"KY",38.6
168,"LA",31.4
168,"MA",54
168,"MD",48.2
168,"ME",55
168,"MI",42.3
168,"MN",46.2
168,"MO",34.5
168,"MS",27.4
168,"MT",38.4
168,"NC",36.2
168,"ND",36.6
168,"NE",42.5
168,"NH",49.6
168,"NJ",49.1
168,"NM",48
168,"NV",37
168,"NY",47.2
168,"OH",40.3
168,"OK",33.8
168,"OR",45.6
168,"PA",43.9
168,"RI",51.9
168,"SC",33.9
168,"SD",42.5
168,"TN",31.9
168,"TX",35.7
168,"UT",32.5
168,"VA",45.5
168,"VT",56.6
168,"WA",46.9
168,"WI",44.6
168,"WV",34.1
168,"WY",32
175,"AK",40.2
175,"AL",29.5
175,"AR",32
175,"AZ",37.2
175,"CA",45.3
175,"CO",47.1
175,"CT",55.7
175,"DE",44.9
175,"FL",40.7
175,"GA",33.8
175,"HI",48.7
175,"IA",45.1
175,"ID",33.6
175,"IL",41.5
175,"IN",36.7
175,"KS",39.3
175,"KY",39.5
175,"LA",32.1
175,"MA",56.8
175,"MD",50.2
175,"ME",56.8
175,"MI",43.6
175,"MN",47.6
175,"MO",35.4
175,"MS",27.9
175,"MT",40
175,"NC",37
175,"ND",37.1
175,"NE",43.6
175,"NH",52.3
175,"NJ",50.8
175,"NM",49
175,"NV",38.1
175,"NY",48.9
175,"OH",41.5
175,"OK",34.4
175,"OR",48
175,"PA",45.7
175,"RI",53.8
175,"SC",35.2
175,"SD",43.1
175,"TN",32.5
175,"TX",37
175,"UT",33.6
175,"VA",46.9
175,"VT",59.5
175,"WA",49
175,"WI",45.8
175,"WV",34.7
175,"WY",32.6
182,"AK",41.3
182,"AL",30.8
182,"AR",32.8
182,"AZ",38.1
182,"CA",47.2
182,"CO",49.2
182,"CT",57.9
182,"DE",46.6
182,"FL",42.7
182,"GA",33.9
182,"HI",50.1
182,"IA",46.2
182,"ID",34.6
182,"IL",43.1
182,"IN",38.1
182,"KS",40.4
182,"KY",41
182,"LA",33.3
182,"MA",58.3
182,"MD",53
182,"ME",58.8
182,"MI",44.9
182,"MN",49.3
182,"MO",36.7
182,"MS",28.5
182,"MT",40.8
182,"NC",38.1
182,"ND",37.8
182,"NE",44.6
182,"NH",54.1
182,"NJ",53.3
182,"NM",51
182,"NV",39.6
182,"NY",51
182,"OH",42.7
182,"OK",36.1
182,"OR",50.4
182,"PA",47.2
182,"RI",55.7
182,"SC",36.3
182,"SD",44.1
182,"TN",33.9
182,"TX",38.7
182,"UT",35.4
182,"VA",49.3
182,"VT",62.9
182,"WA",51.1
182,"WI",46.9
182,"WV",35.8
182,"WY",33.2
189,"AK",41.9
189,"AL",32
189,"AR",33.5
189,"AZ",39.3
189,"CA",48.5
189,"CO",50.5
189,"CT",59.2
189,"DE",48.2
189,"FL",44.3
189,"GA",35.4
189,"HI",51.1
189,"IA",47.2
189,"ID",35.4
189,"IL",44.6
189,"IN",39.2
189,"KS",41.1
189,"KY",42.4
189,"LA",33.9
189,"MA",60.2
189,"MD",54.2
189,"ME",60.3
189,"MI",46.2
189,"MN",50.4
189,"MO",38.2
189,"MS",29.2
189,"MT",41.7
189,"NC",38.8
189,"ND",38.3
189,"NE",45.8
189,"NH",54.9
189,"NJ",55.1
189,"NM",52.6
189,"NV",40.8
189,"NY",52.5
189,"OH",43.8
189,"OK",37.4
189,"OR",51.8
189,"PA",48.7
189,"RI",57.5
189,"SC",37.4
189,"SD",44.8
189,"TN",34.6
189,"TX",40
189,"UT",36.5
189,"VA",50.6
189,"VT",64.5
189,"WA",53.1
189,"WI",48.1
189,"WV",36.6
189,"WY",33.8
196,"AK",42.9
196,"AL",32.5
196,"AR",34.1
196,"AZ",40.2
196,"CA",49.8
196,"CO",51.8
196,"CT",60.7
196,"DE",50
196,"FL",45.8
196,"GA",36.6
196,"HI",51.7
196,"IA",48
196,"ID",36
196,"IL",46.2
196,"IN",39.9
196,"KS",41.9
196,"KY",43.5
196,"LA",34.6
196,"MA",61.6
196,"MD",56
196,"ME",61
196,"MI",47.1
196,"MN",51.8
196,"MO",39.1
196,"MS",29.8
196,"MT",42.9
196,"NC",41.7
196,"ND",38.8
196,"NE",47.7
196,"NH",55.6
196,"NJ",55.1
196,"NM",54.5
196,"NV",41.9
196,"NY",54
196,"OH",44.7
196,"OK",38.4
196,"OR",52.7
196,"PA",49.6
196,"RI",58.9
196,"SC",38.7
196,"SD",45.4
196,"TN",35.4
196,"TX",41.2
196,"UT",37.3
196,"VA",51.8
196,"VT",65.6
196,"WA",54.5
196,"WI",49.5
196,"WV",37.2
196,"WY",34.4
203,"AK",44.2
203,"AL",33
203,"AR",34.6
203,"AZ",43.6
203,"CA",50.5
203,"CO",52.5
203,"CT",61.3
203,"DE",50.7
203,"FL",46.5
203,"GA",37
203,"HI",52.3
203,"IA",48.4
203,"ID",36.4
203,"IL",46.7
203,"IN",42.7
203,"KS",42.3
203,"KY",44
203,"LA",35.5
203,"MA",62.2
203,"MD",56.7
203,"ME",62.1
203,"MI",47.4
203,"MN",52.3
203,"MO",39.4
203,"MS",33.2
203,"MT",43.2
203,"NC",42.2
203,"ND",39.1
203,"NE",48
203,"NH",56.8
203,"NJ",55.9
203,"NM",55.2
203,"NV",42.5
203,"NY",54.8
203,"OH",45.2
203,"OK",38.8
203,"OR",54.3
203,"PA",50.3
203,"RI",59.5
203,"SC",39.2
203,"SD",45.8
203,"TN",37.7
203,"TX",41.8
203,"UT",37.8
203,"VA",52.5
203,"VT",66.1
203,"WA",55.4
203,"WI",50.4
203,"WV",37.5
203,"WY",35.4
210,"AK",44.7
210,"AL",33.4
210,"AR",35.1
210,"AZ",44.2
210,"CA",51.3
210,"CO",53.2
210,"CT",61.9
210,"DE",51.3
210,"FL",47.2
210,"GA",37.5
210,"HI",52.7
210,"IA",48.8
210,"ID",36.8
210,"IL",47.3
210,"IN",43.2
210,"KS",42.7
210,"KY",44.5
210,"LA",35.9
210,"MA",62.8
210,"MD",57.4
210,"ME",62.6
210,"MI",48
210,"MN",52.8
210,"MO",39.9
210,"MS",33.6
210,"MT",43.6
210,"NC",42.7
210,"ND",39.4
210,"NE",48.5
210,"NH",57.4
210,"NJ",56.6
210,"NM",55.8
210,"NV",43.1
210,"NY",55.6
210,"OH",45.6
210,"OK",39.2
210,"OR",54.9
210,"PA",50.9
210,"RI",60.1
210,"SC",39.6
210,"SD",46.1
210,"TN",38.2
210,"TX",42.5
210,"UT",43.5
210,"VA",53.1
210,"VT",66.6
210,"WA",56.2
210,"WI",50.8
210,"WV",38.7
210,"WY",35.8
217,"AK",45.1
217,"AL",33.9
217,"AR",35.5
217,"AZ",44.6
217,"CA",51.9
217,"CO",53.7
217,"CT",62.5
217,"DE",51.9
217,"FL",47.9
217,"GA",38
217,"HI",53.1
217,"IA",49.1
217,"ID",37
217,"IL",47.8
217,"IN",43.6
217,"KS",43.2
217,"KY",44.9
217,"LA",36.3
217,"MA",63.3
217,"MD",58
217,"ME",62.9
217,"MI",48.4
217,"MN",53.2
217,"MO",40.4
217,"MS",33.9
217,"MT",43.9
217,"NC",43.2
217,"ND",39.7
217,"NE",48.9
217,"NH",57.8
217,"NJ",57.3
217,"NM",56.3
217,"NV",43.6
217,"NY",56.2
217,"OH",46
217,"OK",39.6
217,"OR",55.4
217,"PA",51.5
217,"RI",60.7
217,"SC",40
217,"SD",46.4
217,"TN",38.5
217,"TX",43.1
217,"UT",44
217,"VA",53.7
217,"VT",67.1
217,"WA",56.8
217,"WI",51.2
217,"WV",38.9
217,"WY",36.2
224,"AK",45.4
224,"AL",34.2
224,"AR",36.1
224,"AZ",45.1
224,"CA",52.5
224,"CO",54.2
224,"CT",63
224,"DE",52.5
224,"FL",48.6
224,"GA",38.5
224,"HI",53.4
224,"IA",49.5
224,"ID",37.2
224,"IL",48.2
224,"IN",44
224,"KS",45
224,"KY",45.3
224,"LA",36.7
224,"MA",63.7
224,"MD",58.6
224,"ME",63.3
224,"MI",48.7
224,"MN",53.6
224,"MO",41
224,"MS",34.4
224,"MT",44.1
224,"NC",43.6
224,"ND",40
224,"NE",49.3
224,"NH",58.2
224,"NJ",58.1
224,"NM",56.8
224,"NV",44.1
224,"NY",56.8
224,"OH",46.3
224,"OK",40
224,"OR",55.8
224,"PA",52
224,"RI",61.2
224,"SC",40.4
224,"SD",46.8
224,"TN",38.9
224,"TX",43.6
224,"UT",44.7
224,"VA",54.3
224,"VT",67.4
224,"WA",57.4
224,"WI",51.6
224,"WV",39
224,"WY",36.5
231,"AK",45.7
231,"AL",34.6
231,"AR",37
231,"AZ",45.5
231,"CA",53.2
231,"CO",54.7
231,"CT",63.5
231,"DE",53
231,"FL",49.2
231,"GA",38.7
231,"HI",53.7
231,"IA",49.8
231,"ID",37.5
231,"IL",48.8
231,"IN",44.4
231,"KS",45.5
231,"KY",45.9
231,"LA",37.2
231,"MA",64.1
231,"MD",59.1
231,"ME",64
231,"MI",49
231,"MN",54
231,"MO",41.6
231,"MS",34.8
231,"MT",44.4
231,"NC",44
231,"ND",40.2
231,"NE",49.7
231,"NH",58.5
231,"NJ",58.7
231,"NM",57.5
231,"NV",44.7
231,"NY",57.4
231,"OH",46.7
231,"OK",40.5
231,"OR",56.2
231,"PA",52.7
231,"RI",61.7
231,"SC",40.8
231,"SD",47.1
231,"TN",39.3
231,"TX",44.2
231,"UT",45.1
231,"VA",54.8
231,"VT",67.7
231,"WA",57.9
231,"WI",51.9
231,"WV",39.1
231,"WY",36.7
238,"AK",46
238,"AL",35
238,"AR",37.9
238,"AZ",45.9
238,"CA",53.8
238,"CO",55.1
238,"CT",64
238,"DE",53.5
238,"FL",49.8
238,"GA",39.4
238,"HI",54
238,"IA",50.2
238,"ID",37.8
238,"IL",49.3
238,"IN",44.8
238,"KS",46
238,"KY",46.4
238,"LA",37.8
238,"MA",64.5
238,"MD",59.6
238,"ME",64.4
238,"MI",49.3
238,"MN",54.4
238,"MO",42.4
238,"MS",35.4
238,"MT",44.8
238,"NC",44.4
238,"ND",40.5
238,"NE",50.2
238,"NH",58.8
238,"NJ",59.3
238,"NM",58
238,"NV",45.4
238,"NY",58
238,"OH",47
238,"OK",41.1
238,"OR",56.6
238,"PA",53.2
238,"RI",62.4
238,"SC",41.2
238,"SD",47.6
238,"TN",39.8
238,"TX",44.7
238,"UT",45.8
238,"VA",55.3
238,"VT",68
238,"WA",58.4
238,"WI",52.3
238,"WV",39.2
238,"WY",37.2
245,"AK",46.4
245,"AL",35.7
245,"AR",39
245,"AZ",46.6
245,"CA",54.5
245,"CO",55.7
245,"CT",64.7
245,"DE",54
245,"FL",50.7
245,"GA",39.7
245,"HI",54.4
245,"IA",50.6
245,"ID",38.2
245,"IL",50
245,"IN",45.3
245,"KS",46.7
245,"KY",47
245,"LA",38.9
245,"MA",65
245,"MD",60.2
245,"ME",64.8
245,"MI",49.7
245,"MN",54.8
245,"MO",43.3
245,"MS",36.2
245,"MT",45.2
245,"NC",44.9
245,"ND",40.8
245,"NE",50.6
245,"NH",59
245,"NJ",59.9
245,"NM",58.5
245,"NV",46.1
245,"NY",58.6
245,"OH",47.5
245,"OK",41.8
245,"OR",56.8
245,"PA",53.8
245,"RI",63.2
245,"SC",41.9
245,"SD",48.1
245,"TN",40.3
245,"TX",45.6
245,"UT",46.2
245,"VA",55.9
245,"VT",67.1
245,"WA",59
245,"WI",52.8
245,"WV",39.4
245,"WY",37.6
252,"AK",46.8
252,"AL",36.8
252,"AR",40.4
252,"AZ",47.3
252,"CA",55.2
252,"CO",56.4
252,"CT",65.3
252,"DE",54.6
252,"FL",51.9
252,"GA",40.9
252,"HI",54.8
252,"IA",51.2
252,"ID",38.8
252,"IL",50.6
252,"IN",45.8
252,"KS",47.5
252,"KY",47.8
252,"LA",40.4
252,"MA",65.5
252,"MD",60.9
252,"ME",65.3
252,"MI",50.1
252,"MN",55.3
252,"MO",44.4
252,"MS",37.3
252,"MT",45.6
252,"NC",45.7
252,"ND",41.3
252,"NE",51.3
252,"NH",59.4
252,"NJ",60.7
252,"NM",59.3
252,"NV",47
252,"NY",59.4
252,"OH",47.9
252,"OK",42.7
252,"OR",57.5
252,"PA",54.5
252,"RI",64.1
252,"SC",42.6
252,"SD",48.7
252,"TN",41.1
252,"TX",46.6
252,"UT",47.2
252,"VA",56.6
252,"VT",67.5
252,"WA",59.6
252,"WI",53.4
252,"WV",39.5
252,"WY",38.2
259,"AK",47.3
259,"AL",38.4
259,"AR",41.8
259,"AZ",48
259,"CA",56
259,"CO",57
259,"CT",66.2
259,"DE",55.4
259,"FL",53.2
259,"GA",41.9
259,"HI",55.4
259,"IA",51.8
259,"ID",39.3
259,"IL",51.3
259,"IN",46.4
259,"KS",48.4
259,"KY",48.7
259,"LA",41.6
259,"MA",66
259,"MD",61.6
259,"ME",65.9
259,"MI",50.6
259,"MN",56
259,"MO",45.2
259,"MS",38.4
259,"MT",46
259,"NC",46.5
259,"ND",41.7
259,"NE",52.1
259,"NH",59.7
259,"NJ",61.6
259,"NM",60.1
259,"NV",48
259,"NY",60.3
259,"OH",48.5
259,"OK",44
259,"OR",58.1
259,"PA",55.2
259,"RI",64.9
259,"SC",43.5
259,"SD",49.3
259,"TN",42
259,"TX",47.6
259,"UT",47.8
259,"VA",57.4
259,"VT",67.9
259,"WA",60.3
259,"WI",54.1
259,"WV",39.7
259,"WY",38.7
266,"AK",48
266,"AL",39.5
266,"AR",42.9
266,"AZ",49.3
266,"CA",56.7
266,"CO",57.6
266,"CT",66.7
266,"DE",56
266,"FL",54.3
266,"GA",42.8
266,"HI",55.9
266,"IA",52.4
266,"ID",39.7
266,"IL",51.8
266,"IN",46.7
266,"KS",49.1
266,"KY",49.5
266,"LA",42.6
266,"MA",66.5
266,"MD",62.2
266,"ME",66.5
266,"MI",50.9
266,"MN",56.6
266,"MO",45.9
266,"MS",39.6
266,"MT",46.8
266,"NC",47.2
266,"ND",42.2
266,"NE",52.8
266,"NH",60.3
266,"NJ",62.3
266,"NM",60.8
266,"NV",48.7
266,"NY",61.1
266,"OH",48.9
266,"OK",44.9
266,"OR",58.7
266,"PA",55.9
266,"RI",65.7
266,"SC",44.4
266,"SD",49.8
266,"TN",42.8
266,"TX",48.5
266,"UT",48.3
266,"VA",58
266,"VT",68.3
266,"WA",60.9
266,"WI",54.6
266,"WV",39.8
266,"WY",39.6
273,"AK",48.5
273,"AL",40.5
273,"AR",44
273,"AZ",49.9
273,"CA",57.4
273,"CO",58.2
273,"CT",67.3
273,"DE",56.5
273,"FL",55.4
273,"GA",43.5
273,"HI",56.6
273,"IA",52.9
273,"ID",40.4
273,"IL",52.4
273,"IN",47.3
273,"KS",49.8
273,"KY",50.3
273,"LA",43.6
273,"MA",67
273,"MD",62.9
273,"ME",67.1
273,"MI",51.3
273,"MN",57.2
273,"MO",46.6
273,"MS",41.5
273,"MT",47.3
273,"NC",48.1
273,"ND",42.8
273,"NE",53.4
273,"NH",60.8
273,"NJ",63
273,"NM",61.6
273,"NV",49.4
273,"NY",62
273,"OH",49.4
273,"OK",45.9
273,"OR",59.4
273,"PA",56.5
273,"RI",66.4
273,"SC",45.3
273,"SD",50.4
273,"TN",43.7
273,"TX",49.4
273,"UT",49
273,"VA",58.7
273,"VT",68.7
273,"WA",61.8
273,"WI",55.2
273,"WV",40
273,"WY",40.3
280,"AK",49.5
280,"AL",41.7
280,"AR",44.9
280,"AZ",50.5
280,"CA",58.2
280,"CO",58.8
280,"CT",68.1
280,"DE",57.1
280,"FL",56.3
280,"GA",44.4
280,"HI",57.2
280,"IA",53.5
280,"ID",41
280,"IL",52.9
280,"IN",47.9
280,"KS",50.4
280,"KY",51.3
280,"LA",44.6
280,"MA",67.4
280,"MD",63.5
280,"ME",67.9
280,"MI",51.9
280,"MN",57.7
280,"MO",47.2
280,"MS",42.6
280,"MT",48
280,"NC",48.9
280,"ND",43.5
280,"NE",54.1
280,"NH",61.1
280,"NJ",63.7
280,"NM",62.4
280,"NV",50.1
280,"NY",62.9
280,"OH",49.7
280,"OK",46.7
280,"OR",60.1
280,"PA",57.1
280,"RI",67.2
280,"SC",46.3
280,"SD",51
280,"TN",44.6
280,"TX",50.5
280,"UT",49.9
280,"VA",59.8
280,"VT",69.1
280,"WA",62.7
280,"WI",55.8
280,"WV",40.2
280,"WY",40.9
294,"AK",51
294,"AL",43.2
294,"AR",46.1
294,"AZ",51.5
294,"CA",59.5
294,"CO",59.8
294,"CT",69.2
294,"DE",58.2
294,"FL",57.9
294,"GA",46.2
294,"HI",58.4
294,"IA",54.3
294,"ID",42.1
294,"IL",53.9
294,"IN",48.7
294,"KS",51.6
294,"KY",53
294,"LA",45.9
294,"MA",68.3
294,"MD",64.6
294,"ME",68.8
294,"MI",52.7
294,"MN",58.5
294,"MO",48.4
294,"MS",44
294,"MT",48.8
294,"NC",50.8
294,"ND",44.6
294,"NE",55
294,"NH",61.9
294,"NJ",64.8
294,"NM",63.6
294,"NV",51.2
294,"NY",64.3
294,"OH",50.6
294,"OK",48.1
294,"OR",61.3
294,"PA",58.3
294,"RI",69
294,"SC",47.9
294,"SD",52
294,"TN",46
294,"TX",51.7
294,"UT",51.5
294,"VA",61.1
294,"VT",69.8
294,"WA",61.6
294,"WI",56.9
294,"WV",40.6
294,"WY",42.1
301,"AK",51.3
301,"AL",43.7
301,"AR",46.5
301,"AZ",52
301,"CA",60
301,"CO",60.3
301,"CT",69.6
301,"DE",58.6
301,"FL",58.5
301,"GA",46.7
301,"HI",58.7
301,"IA",54.7
301,"ID",42.5
301,"IL",54.3
301,"IN",49.1
301,"KS",52.1
301,"KY",53.6
301,"LA",46.4
301,"MA",68.6
301,"MD",65
301,"ME",69.3
301,"MI",52.8
301,"MN",58.9
301,"MO",48.7
301,"MS",44.5
301,"MT",49.3
301,"NC",51.4
301,"ND",45.1
301,"NE",55.4
301,"NH",62.2
301,"NJ",65.3
301,"NM",64
301,"NV",51.7
301,"NY",64.7
301,"OH",51
301,"OK",48.6
301,"OR",61.8
301,"PA",58.9
301,"RI",69.5
301,"SC",48.5
301,"SD",52.4
301,"TN",46.6
301,"TX",52.2
301,"UT",52.1
301,"VA",61.6
301,"VT",70.3
301,"WA",62.2
301,"WI",57.4
301,"WV",40.7
301,"WY",42.7
308,"AK",52
308,"AL",44.1
308,"AR",47
308,"AZ",52.4
308,"CA",60.5
308,"CO",60.8
308,"CT",70.1
308,"DE",59.2
308,"FL",59
308,"GA",47.2
308,"HI",59.2
308,"IA",55
308,"ID",43
308,"IL",54.4
308,"IN",49.4
308,"KS",52.5
308,"KY",54.2
308,"LA",46.9
308,"MA",69
308,"MD",65.5
308,"ME",69.9
308,"MI",53
308,"MN",59.3
308,"MO",49.2
308,"MS",45.1
308,"MT",49.8
308,"NC",52
308,"ND",45.5
308,"NE",55.8
308,"NH",62.5
308,"NJ",65.7
308,"NM",64.4
308,"NV",52.2
308,"NY",65.7
308,"OH",51.4
308,"OK",49.2
308,"OR",62.2
308,"PA",59.8
308,"RI",70
308,"SC",49.2
308,"SD",52.9
308,"TN",47.1
308,"TX",52.6
308,"UT",52.8
308,"VA",62.3
308,"VT",70.6
308,"WA",62.7
308,"WI",57.7
308,"WV",40.9
308,"WY",43.2
315,"AK",52.4
315,"AL",44.5
315,"AR",47.7
315,"AZ",52.8
315,"CA",61
315,"CO",61.3
315,"CT",70.5
315,"DE",59.7
315,"FL",59.5
315,"GA",48
315,"HI",59.6
315,"IA",55.4
315,"ID",43.6
315,"IL",54.4
315,"IN",49.7
315,"KS",53
315,"KY",54.6
315,"LA",47.4
315,"MA",69.4
315,"MD",66
315,"ME",70.3
315,"MI",53.4
315,"MN",59.6
315,"MO",49.5
315,"MS",45.5
315,"MT",50.2
315,"NC",52.4
315,"ND",45.7
315,"NE",56.1
315,"NH",62.7
315,"NJ",66.2
315,"NM",61.9
315,"NV",52.7
315,"NY",66.3
315,"OH",51.7
315,"OK",49.8
315,"OR",62.6
315,"PA",60.2
315,"RI",70.6
315,"SC",49.7
315,"SD",52.4
315,"TN",47.5
315,"TX",53.1
315,"UT",53.2
315,"VA",62.8
315,"VT",71
315,"WA",63.3
315,"WI",58.1
315,"WV",41
315,"WY",43.7
322,"AK",52.8
322,"AL",44.9
322,"AR",48.1
322,"AZ",53.3
322,"CA",61.5
322,"CO",61.8
322,"CT",70.9
322,"DE",60.1
322,"FL",59.9
322,"GA",48.4
322,"HI",59.9
322,"IA",55.7
322,"ID",44
322,"IL",60.6
322,"IN",49.9
322,"KS",53.4
322,"KY",50.9
322,"LA",47.8
322,"MA",69.8
322,"MD",66
322,"ME",70.8
322,"MI",53.6
322,"MN",60
322,"MO",49.9
322,"MS",45.9
322,"MT",50.6
322,"NC",52.8
322,"ND",46.1
322,"NE",56.4
322,"NH",63
322,"NJ",66.5
322,"NM",62.3
322,"NV",53.1
322,"NY",66.9
322,"OH",52
322,"OK",50.2
322,"OR",63
322,"PA",60.7
322,"RI",71.1
322,"SC",50.1
322,"SD",52.8
322,"TN",47.8
322,"TX",53.5
322,"UT",53.8
322,"VA",63.3
322,"VT",71.4
322,"WA",63.7
322,"WI",58.4
322,"WV",41.1
322,"WY",44.2
329,"AK",53.1
329,"AL",45.2
329,"AR",48.5
329,"AZ",53.6
329,"CA",61.9
329,"CO",62.2
329,"CT",71.2
329,"DE",60.5
329,"FL",60.2
329,"GA",48.8
329,"HI",60.2
329,"IA",56
329,"ID",44.4
329,"IL",61.1
329,"IN",50.1
329,"KS",53.7
329,"KY",51.2
329,"LA",48.1
329,"MA",70.2
329,"MD",66.5
329,"ME",71.2
329,"MI",53.9
329,"MN",61.7
329,"MO",50.2
329,"MS",46.2
329,"MT",51
329,"NC",53.3
329,"ND",48
329,"NE",56.6
329,"NH",63.4
329,"NJ",66.9
329,"NM",62.6
329,"NV",53.5
329,"NY",67.3
329,"OH",52.3
329,"OK",50.6
329,"OR",63.3
329,"PA",61.3
329,"RI",71.5
329,"SC",50.5
329,"SD",53.5
329,"TN",48.7
329,"TX",53.8
329,"UT",54.4
329,"VA",63.7
329,"VT",71.8
329,"WA",64.1
329,"WI",58.8
329,"WV",41.1
329,"WY",44.6
336,"AK",53.7
336,"AL",45.6
336,"AR",48.8
336,"AZ",54
336,"CA",62.4
336,"CO",62.5
336,"CT",71.5
336,"DE",60.9
336,"FL",60.7
336,"GA",49
336,"HI",60.5
336,"IA",56.2
336,"ID",44.7
336,"IL",61.6
336,"IN",50.3
336,"KS",54
336,"KY",51.6
336,"LA",48.4
336,"MA",70.5
336,"MD",66.8
336,"ME",71.6
336,"MI",54.2
336,"MN",61.9
336,"MO",50.5
336,"MS",46.6
336,"MT",51.4
336,"NC",53.6
336,"ND",48.3
336,"NE",56.9
336,"NH",63.8
336,"NJ",67.2
336,"NM",63
336,"NV",53.9
336,"NY",67.8
336,"OH",52.6
336,"OK",51
336,"OR",63.5
336,"PA",61.8
336,"RI",71.8
336,"SC",50.8
336,"SD",53.8
336,"TN",49.1
336,"TX",54.2
336,"UT",54.9
336,"VA",64.2
336,"VT",72.2
336,"WA",64.4
336,"WI",59
336,"WV",41.5
336,"WY",45
343,"AK",54
343,"AL",46
343,"AR",49.1
343,"AZ",54.4
343,"CA",62.8
343,"CO",62.9
343,"CT",71.7
343,"DE",60.9
343,"FL",61
343,"GA",49.4
343,"HI",60.7
343,"IA",56.5
343,"ID",45.1
343,"IL",61.4
343,"IN",50.5
343,"KS",54.4
343,"KY",51.9
343,"LA",48.7
343,"MA",70.8
343,"MD",67.2
343,"ME",72.1
343,"MI",54.4
343,"MN",62.2
343,"MO",50.8
343,"MS",46.9
343,"MT",51.7
343,"NC",54
343,"ND",48.6
343,"NE",57.2
343,"NH",64.6
343,"NJ",67.5
343,"NM",63.3
343,"NV",54.2
343,"NY",68.2
343,"OH",52.8
343,"OK",51.3
343,"OR",63.8
343,"PA",58
343,"RI",72.2
343,"SC",51.2
343,"SD",54.3
343,"TN",49.4
343,"TX",54.5
343,"UT",55.2
343,"VA",64.6
343,"VT",72.7
343,"WA",64.8
343,"WI",59.3
343,"WV",41.5
343,"WY",45.3
350,"AK",54.3
350,"AL",46.2
350,"AR",49.4
350,"AZ",54.7
350,"CA",63.3
350,"CO",63.4
350,"CT",72.1
350,"DE",61.6
350,"FL",61.5
350,"GA",49.7
350,"HI",61
350,"IA",56.8
350,"ID",45.3
350,"IL",61.8
350,"IN",50.6
350,"KS",54.7
350,"KY",52.2
350,"LA",48.9
350,"MA",71.3
350,"MD",67.7
350,"ME",72.4
350,"MI",54.7
350,"MN",62.6
350,"MO",51
350,"MS",47.1
350,"MT",51.9
350,"NC",54.3
350,"ND",48.9
350,"NE",57.4
350,"NH",64.8
350,"NJ",67.9
350,"NM",63.6
350,"NV",54.6
350,"NY",68.6
350,"OH",53.1
350,"OK",51.6
350,"OR",64.1
350,"PA",58.5
350,"RI",72.7
350,"SC",51.5
350,"SD",54.8
350,"TN",49.6
350,"TX",54.8
350,"UT",55.7
350,"VA",65
350,"VT",73
350,"WA",65.2
350,"WI",59.6
350,"WV",41.5
350,"WY",45.6
357,"AK",55.1
357,"AL",46.6
357,"AR",50
357,"AZ",55.5
357,"CA",64.2
357,"CO",64.4
357,"CT",73
357,"DE",62.4
357,"FL",62
357,"GA",49.7
357,"HI",61.9
357,"IA",57.6
357,"ID",45.6
357,"IL",62.6
357,"IN",51.1
357,"KS",55.4
357,"KY",53
357,"LA",49.3
357,"MA",72.4
357,"MD",68.7
357,"ME",73.5
357,"MI",55.4
357,"MN",63.6
357,"MO",51.8
357,"MS",47.4
357,"MT",52.6
357,"NC",55.1
357,"ND",49.5
357,"NE",58.3
357,"NH",65.3
357,"NJ",68.8
357,"NM",64.5
357,"NV",55.1
357,"NY",69.3
357,"OH",53.9
357,"OK",52.2
357,"OR",64.9
357,"PA",59.6
357,"RI",74.1
357,"SC",52
357,"SD",55.5
357,"TN",50.1
357,"TX",55.5
357,"UT",56.5
357,"VA",66.3
357,"VT",74.4
357,"WA",66.2
357,"WI",60.4
357,"WV",69
357,"WY",46.3
364,"AK",55.7
364,"AL",47
364,"AR",50.4
364,"AZ",56.1
364,"CA",65
364,"CO",65.2
364,"CT",73.9
364,"DE",63.2
364,"FL",62.6
364,"GA",50.2
364,"HI",62.6
364,"IA",58.2
364,"ID",45.8
364,"IL",63.5
364,"IN",51.5
364,"KS",56.1
364,"KY",53.5
364,"LA",49.7
364,"MA",73.5
364,"MD",69.5
364,"ME",74.7
364,"MI",56
364,"MN",64.5
364,"MO",52.3
364,"MS",47.8
364,"MT",53.1
364,"NC",55.7
364,"ND",51.8
364,"NE",59
364,"NH",66.2
364,"NJ",69.5
364,"NM",65.3
364,"NV",55.7
364,"NY",70.7
364,"OH",54.5
364,"OK",52.7
364,"OR",65.6
364,"PA",60.5
364,"RI",75.2
364,"SC",52.4
364,"SD",56.1
364,"TN",50.5
364,"TX",56.1
364,"UT",57.4
364,"VA",67
364,"VT",75.8
364,"WA",66.9
364,"WI",61.1
364,"WV",71.4
364,"WY",46.7
371,"AK",56
371,"AL",47.3
371,"AR",50.9
371,"AZ",56.6
371,"CA",65.6
371,"CO",65.7
371,"CT",74.2
371,"DE",63.8
371,"FL",63
371,"GA",50.6
371,"HI",63.1
371,"IA",58.6
371,"ID",46.1
371,"IL",64
371,"IN",51.8
371,"KS",56.6
371,"KY",53.9
371,"LA",50
371,"MA",74.1
371,"MD",70
371,"ME",75.3
371,"MI",56.4
371,"MN",65
371,"MO",52.8
371,"MS",48
371,"MT",53.7
371,"NC",56.3
371,"ND",52.2
371,"NE",59.4
371,"NH",66.5
371,"NJ",70
371,"NM",65.8
371,"NV",56.1
371,"NY",71.2
371,"OH",54.9
371,"OK",53.1
371,"OR",66.1
371,"PA",63.4
371,"RI",75.9
371,"SC",52.8
371,"SD",56.6
371,"TN",51.1
371,"TX",56.6
371,"UT",58.3
371,"VA",67.6
371,"VT",76.8
371,"WA",67.5
371,"WI",61.6
371,"WV",71.6
371,"WY",47.2
378,"AK",56.3
378,"AL",47.6
378,"AR",51.2
378,"AZ",56.9
378,"CA",66
378,"CO",66.1
378,"CT",74.5
378,"DE",64.1
378,"FL",63.3
378,"GA",51
378,"HI",63.5
378,"IA",58.9
378,"ID",46.2
378,"IL",64.3
378,"IN",51.9
378,"KS",56.9
378,"KY",54.2
378,"LA",50.2
378,"MA",74.5
378,"MD",70.3
378,"ME",75.7
378,"MI",56.7
378,"MN",65.4
378,"MO",53
378,"MS",48.1
378,"MT",54
378,"NC",56.7
378,"ND",52.5
378,"NE",59.8
378,"NH",67.1
378,"NJ",70.4
378,"NM",66.2
378,"NV",56.4
378,"NY",71.7
378,"OH",55.2
378,"OK",53.4
378,"OR",66.4
378,"PA",63.7
378,"RI",76.3
378,"SC",53.1
378,"SD",57
378,"TN",51.3
378,"TX",56.9
378,"UT",58.7
378,"VA",67.9
378,"VT",77.3
378,"WA",67.9
378,"WI",61.9
378,"WV",55
378,"WY",47.5
385,"AK",56.5
385,"AL",47.9
385,"AR",51.5
385,"AZ",57.3
385,"CA",66.5
385,"CO",66.5
385,"CT",75
385,"DE",64.5
385,"FL",63.6
385,"GA",51.3
385,"HI",64
385,"IA",59.2
385,"ID",46.4
385,"IL",64.5
385,"IN",52.1
385,"KS",57.3
385,"KY",54.4
385,"LA",50.5
385,"MA",74.9
385,"MD",70.6
385,"ME",76.1
385,"MI",57
385,"MN",65.7
385,"MO",53.1
385,"MS",48.7
385,"MT",54.1
385,"NC",57
385,"ND",52.8
385,"NE",60.1
385,"NH",67.4
385,"NJ",70.8
385,"NM",66.5
385,"NV",56.7
385,"NY",72.1
385,"OH",55.5
385,"OK",53.7
385,"OR",66.6
385,"PA",64.2
385,"RI",76.9
385,"SC",53.4
385,"SD",57.4
385,"TN",51.6
385,"TX",57.2
385,"UT",59
385,"VA",68.3
385,"VT",77.8
385,"WA",68.1
385,"WI",62.2
385,"WV",55.3
385,"WY",47.7
392,"AK",56.8
392,"AL",48.2
392,"AR",51.8
392,"AZ",57.7
392,"CA",67
392,"CO",66.8
392,"CT",75.5
392,"DE",64.8
392,"FL",63.9
392,"GA",51.7
392,"HI",64.6
392,"IA",59.5
392,"ID",46.5
392,"IL",65
392,"IN",52.4
392,"KS",57.6
392,"KY",54.7
392,"LA",50.8
392,"MA",75.3
392,"MD",71.1
392,"ME",76.5
392,"MI",57.4
392,"MN",66.1
392,"MO",53.5
392,"MS",48.8
392,"MT",54.4
392,"NC",57.3
392,"ND",53.1
392,"NE",60.5
392,"NH",67.8
392,"NJ",71.3
392,"NM",66.9
392,"NV",57.2
392,"NY",72.7
392,"OH",55.9
392,"OK",54.1
392,"OR",67
392,"PA",64.6
392,"RI",77.5
392,"SC",53.7
392,"SD",57.8
392,"TN",51.8
392,"TX",57.6
392,"UT",59.4
392,"VA",68.7
392,"VT",78.3
392,"WA",68.6
392,"WI",62.6
392,"WV",55.5
392,"WY",48
399,"AK",58
399,"AL",48.9
399,"AR",52.3
399,"AZ",58.3
399,"CA",67.8
399,"CO",67.6
399,"CT",75.9
399,"DE",65.6
399,"FL",64.6
399,"GA",52.4
399,"HI",75.6
399,"IA",59.9
399,"ID",47.6
399,"IL",65.5
399,"IN",52.8
399,"KS",58.5
399,"KY",55.2
399,"LA",51.3
399,"MA",75.8
399,"MD",71.9
399,"ME",77
399,"MI",57.7
399,"MN",66.5
399,"MO",54
399,"MS",49.6
399,"MT",54.9
399,"NC",57.9
399,"ND",53.7
399,"NE",61.1
399,"NH",68.3
399,"NJ",71.8
399,"NM",67.7
399,"NV",57.9
399,"NY",73.3
399,"OH",56.3
399,"OK",54.6
399,"OR",67.4
399,"PA",65.1
399,"RI",78.1
399,"SC",54.5
399,"SD",58.4
399,"TN",52.4
399,"TX",58.2
399,"UT",60.2
399,"VA",70.1
399,"VT",78.9
399,"WA",69.5
399,"WI",63
399,"WV",55.9
399,"WY",48.5
406,"AK",58.2
406,"AL",49.3
406,"AR",52.5
406,"AZ",58.6
406,"CA",68.5
406,"CO",68
406,"CT",76.3
406,"DE",66
406,"FL",64.9
406,"GA",52.7
406,"HI",75.7
406,"IA",60.2
406,"ID",52
406,"IL",65.9
406,"IN",53
406,"KS",58.8
406,"KY",55.5
406,"LA",51.6
406,"MA",76.2
406,"MD",72.3
406,"ME",77.4
406,"MI",58
406,"MN",66.8
406,"MO",54.2
406,"MS",49.9
406,"MT",55.1
406,"NC",58.2
406,"ND",53.9
406,"NE",61.3
406,"NH",68.6
406,"NJ",72.3
406,"NM",68.1
406,"NV",58.2
406,"NY",73.8
406,"OH",56.6
406,"OK",54.9
406,"OR",67.7
406,"PA",65.5
406,"RI",78.6
406,"SC",54.7
406,"SD",58.7
406,"TN",52.5
406,"TX",58.5
406,"UT",60.6
406,"VA",70.4
406,"VT",79.2
406,"WA",69.8
406,"WI",63.3
406,"WV",56
406,"WY",49.7
413,"AK",58.4
413,"AL",49.5
413,"AR",52.7
413,"AZ",58.9
413,"CA",69.2
413,"CO",68.3
413,"CT",76.7
413,"DE",66.4
413,"FL",65.2
413,"GA",53
413,"HI",76
413,"IA",60.5
413,"ID",52.3
413,"IL",66.4
413,"IN",53.3
413,"KS",59.2
413,"KY",55.7
413,"LA",51.9
413,"MA",76.5
413,"MD",72.7
413,"ME",77.6
413,"MI",58.3
413,"MN",67.1
413,"MO",54.4
413,"MS",50.2
413,"MT",55.3
413,"NC",58.5
413,"ND",54
413,"NE",61.6
413,"NH",68.9
413,"NJ",72.9
413,"NM",68.4
413,"NV",58.6
413,"NY",74.3
413,"OH",56.9
413,"OK",55.2
413,"OR",67.9
413,"PA",65.9
413,"RI",79.1
413,"SC",55
413,"SD",59
413,"TN",52.8
413,"TX",59
413,"UT",60.7
413,"VA",70.7
413,"VT",79.5
413,"WA",70.1
413,"WI",63.7
413,"WV",56.2
413,"WY",49.9
420,"AK",59.9
420,"AL",49.8
420,"AR",53
420,"AZ",59.3
420,"CA",69.5
420,"CO",68.6
420,"CT",77.1
420,"DE",66.7
420,"FL",65.4
420,"GA",53.3
420,"HI",76.4
420,"IA",60.7
420,"ID",52.5
420,"IL",66.7
420,"IN",53.5
420,"KS",59.5
420,"KY",55.9
420,"LA",52.1
420,"MA",76.9
420,"MD",73.2
420,"ME",77.9
420,"MI",58.6
420,"MN",67.5
420,"MO",54.6
420,"MS",50.4
420,"MT",55.5
420,"NC",58.8
420,"ND",54.1
420,"NE",61.9
420,"NH",69.2
420,"NJ",73.5
420,"NM",68.8
420,"NV",58.9
420,"NY",74.7
420,"OH",57.1
420,"OK",55.4
420,"OR",68.1
420,"PA",66.2
420,"RI",79.7
420,"SC",55.2
420,"SD",59.3
420,"TN",53
420,"TX",59.3
420,"UT",62.4
420,"VA",71
420,"VT",79.7
420,"WA",70.4
420,"WI",64
420,"WV",56.4
420,"WY",50
427,"AK",60
427,"AL",49.9
427,"AR",53.2
427,"AZ",59.6
427,"CA",69.9
427,"CO",68.8
427,"CT",77.4
427,"DE",67.1
427,"FL",65.6
427,"GA",53.4
427,"HI",76.7
427,"IA",60.9
427,"ID",52.7
427,"IL",67
427,"IN",53.8
427,"KS",59.8
427,"KY",56.2
427,"LA",52.3
427,"MA",77.3
427,"MD",73.5
427,"ME",78.1
427,"MI",58.9
427,"MN",67.8
427,"MO",54.9
427,"MS",50.6
427,"MT",55.7
427,"NC",59
427,"ND",54.3
427,"NE",62.1
427,"NH",69.5
427,"NJ",73.8
427,"NM",69.2
427,"NV",59.2
427,"NY",75.1
427,"OH",57.3
427,"OK",55.7
427,"OR",68.4
427,"PA",66.6
427,"RI",80.1
427,"SC",55.4
427,"SD",59.5
427,"TN",53.2
427,"TX",59.6
427,"UT",63
427,"VA",71.6
427,"VT",79.9
427,"WA",70.7
427,"WI",64.2
427,"WV",56.6
427,"WY",50.3
434,"AK",60.9
434,"AL",50.1
434,"AR",53.4
434,"AZ",59.9
434,"CA",70.3
434,"CO",69.1
434,"CT",77.7
434,"DE",67.4
434,"FL",65.8
434,"GA",53.5
434,"HI",77.1
434,"IA",61
434,"ID",53
434,"IL",67.3
434,"IN",53.9
434,"KS",60
434,"KY",56.4
434,"LA",52.4
434,"MA",77.5
434,"MD",73.9
434,"ME",78.3
434,"MI",59.1
434,"MN",68
434,"MO",55
434,"MS",50.8
434,"MT",55.8
434,"NC",59.2
434,"ND",54.4
434,"NE",62.4
434,"NH",69.8
434,"NJ",74.1
434,"NM",69.5
434,"NV",59.6
434,"NY",75.4
434,"OH",57.5
434,"OK",55.9
434,"OR",68.6
434,"PA",66.8
434,"RI",80.5
434,"SC",55.7
434,"SD",59.8
434,"TN",53.5
434,"TX",59.9
434,"UT",63.1
434,"VA",71.8
434,"VT",80.1
434,"WA",71.3
434,"WI",64.5
434,"WV",56.7
434,"WY",50.5
441,"AK",61
441,"AL",50.3
441,"AR",53.5
441,"AZ",60.2
441,"CA",70.5
441,"CO",69.2
441,"CT",77.8
441,"DE",67.7
441,"FL",66
441,"GA",53.7
441,"HI",77.3
441,"IA",61.2
441,"ID",53.2
441,"IL",67.5
441,"IN",54.1
441,"KS",60.2
441,"KY",56.5
441,"LA",52.6
441,"MA",77.7
441,"MD",74.1
441,"ME",78.4
441,"MI",59.3
441,"MN",68.3
441,"MO",55.2
441,"MS",51
441,"MT",56
441,"NC",59.4
441,"ND",54.5
441,"NE",62.5
441,"NH",68.1
441,"NJ",74.3
441,"NM",69.7
441,"NV",59.8
441,"NY",75.6
441,"OH",57.6
441,"OK",56.1
441,"OR",68.7
441,"PA",67.1
441,"RI",80.7
441,"SC",55.9
441,"SD",59.9
441,"TN",53.6
441,"TX",60.1
441,"UT",63.3
441,"VA",72
441,"VT",80.1
441,"WA",71.5
441,"WI",64.6
441,"WV",56.8
441,"WY",50.6
448,"AK",61.3
448,"AL",50.4
448,"AR",53.7
448,"AZ",60.4
448,"CA",70.7
448,"CO",69.4
448,"CT",78
448,"DE",67.9
448,"FL",66.1
448,"GA",53.8
448,"HI",77.5
448,"IA",61.3
448,"ID",53.3
448,"IL",67.8
448,"IN",54.2
448,"KS",60.5
448,"KY",56.6
448,"LA",52.7
448,"MA",77.8
448,"MD",74.3
448,"ME",78.5
448,"MI",59.5
448,"MN",68.4
448,"MO",55.3
448,"MS",51.1
448,"MT",56.1
448,"NC",59.5
448,"ND",54.5
448,"NE",62.7
448,"NH",69.6
448,"NJ",74.5
448,"NM",69.9
448,"NV",59.9
448,"NY",75.8
448,"OH",57.8
448,"OK",56.2
448,"OR",68.9
448,"PA",67.2
448,"RI",81
448,"SC",56.1
448,"SD",60.1
448,"TN",53.8
448,"TX",60.3
448,"UT",63.4
448,"VA",72.2
448,"VT",80.4
448,"WA",71.7
448,"WI",64.8
448,"WV",56.9
448,"WY",50.8
455,"AK",61.4
455,"AL",50.5
455,"AR",53.8
455,"AZ",60.5
455,"CA",70.9
455,"CO",69.5
455,"CT",78.2
455,"DE",68.1
455,"FL",66.2
455,"GA",54
455,"HI",77.6
455,"IA",61.4
455,"ID",53.4
455,"IL",67.9
455,"IN",54.3
455,"KS",60.6
455,"KY",56.8
455,"LA",52.9
455,"MA",78
455,"MD",74.4
455,"ME",78.6
455,"MI",59.6
455,"MN",68.6
455,"MO",55.4
455,"MS",51.3
455,"MT",56.2
455,"NC",59.7
455,"ND",54.6
455,"NE",62.8
455,"NH",69.5
455,"NJ",74.7
455,"NM",70
455,"NV",60
455,"NY",75.9
455,"OH",57.9
455,"OK",56.3
455,"OR",69
455,"PA",67.3
455,"RI",81.2
455,"SC",56.4
455,"SD",60.3
455,"TN",53.8
455,"TX",60.5
455,"UT",63.6
455,"VA",72.3
455,"VT",80.4
455,"WA",71.8
455,"WI",64.9
455,"WV",57
455,"WY",50.9
462,"AK",61.6
462,"AL",50.6
462,"AR",53.9
462,"AZ",60.8
462,"CA",71
462,"CO",69.7
462,"CT",78.3
462,"DE",68.2
462,"FL",66.3
462,"GA",54.1
462,"HI",77.7
462,"IA",61.5
462,"ID",53.5
462,"IL",68.1
462,"IN",54.4
462,"KS",60.7
462,"KY",56.9
462,"LA",53.1
462,"MA",78
462,"MD",74.6
462,"ME",78.7
462,"MI",59.7
462,"MN",68.6
462,"MO",55.5
462,"MS",51.4
462,"MT",56.3
462,"NC",59.8
462,"ND",54.6
462,"NE",62.9
462,"NH",67.2
462,"NJ",74.8
462,"NM",70.2
462,"NV",60.1
462,"NY",76
462,"OH",58
462,"OK",56.4
462,"OR",69.1
462,"PA",67.5
462,"RI",81.4
462,"SC",56.4
462,"SD",60.4
462,"TN",53.9
462,"TX",60.6
462,"UT",63.7
462,"VA",72.4
462,"VT",80.4
462,"WA",71.9
462,"WI",65
462,"WV",57.1
462,"WY",51
469,"AK",61.7
469,"AL",50.6
469,"AR",54
469,"AZ",60.9
469,"CA",71.1
469,"CO",69.7
469,"CT",78.4
469,"DE",68.3
469,"FL",66.4
469,"GA",54.2
469,"HI",77.8
469,"IA",61.5
469,"ID",53.6
469,"IL",68.2
469,"IN",54.5
469,"KS",60.8
469,"KY",57
469,"LA",53.2
469,"MA",78.1
469,"MD",74.9
469,"ME",78.8
469,"MI",59.7
469,"MN",68.7
469,"MO",55.6
469,"MS",51.5
469,"MT",56.4
469,"NC",59.9
469,"ND",54.6
469,"NE",63.1
469,"NH",68.4
469,"NJ",74.9
469,"NM",70.3
469,"NV",60.2
469,"NY",76.2
469,"OH",58
469,"OK",56.5
469,"OR",69.1
469,"PA",67.6
469,"RI",81.5
469,"SC",56.5
469,"SD",60.5
469,"TN",54
469,"TX",60.8
469,"UT",63.8
469,"VA",72.5
469,"VT",80.6
469,"WA",72
469,"WI",65.1
469,"WV",57.2
469,"WY",51
476,"AK",61.8
476,"AL",50.7
476,"AR",54
476,"AZ",61
476,"CA",71.2
476,"CO",69.8
476,"CT",78.6
476,"DE",68.5
476,"FL",66.6
476,"GA",54.3
476,"HI",77.9
476,"IA",61.6
476,"ID",53.7
476,"IL",68.4
476,"IN",54.6
476,"KS",60.9
476,"KY",57.1
476,"LA",53.2
476,"MA",78.3
476,"MD",75.1
476,"ME",78.9
476,"MI",59.8
476,"MN",68.8
476,"MO",55.7
476,"MS",51.5
476,"MT",56.5
476,"NC",60.2
476,"ND",54.7
476,"NE",63.2
476,"NH",69.5
476,"NJ",75.1
476,"NM",70.5
476,"NV",60.4
476,"NY",76.3
476,"OH",58.1
476,"OK",56.7
476,"OR",69.2
476,"PA",67.8
476,"RI",81.8
476,"SC",56.6
476,"SD",60.7
476,"TN",54.1
476,"TX",60.9
476,"UT",63.9
476,"VA",72.7
476,"VT",80.7
476,"WA",72.2
476,"WI",65.2
476,"WV",57.3
476,"WY",51.2
483,"AK",61.9
483,"AL",50.8
483,"AR",54.2
483,"AZ",61.2
483,"CA",71.5
483,"CO",70
483,"CT",78.8
483,"DE",68.7
483,"FL",66.7
483,"GA",54.4
483,"HI",78
483,"IA",61.7
483,"ID",53.8
483,"IL",68.5
483,"IN",54.6
483,"KS",61
483,"KY",57.2
483,"LA",53.3
483,"MA",78.5
483,"MD",75.9
483,"ME",79.1
483,"MI",59.9
483,"MN",68.9
483,"MO",55.8
483,"MS",51.6
483,"MT",56.5
483,"NC",60.5
483,"ND",54.7
483,"NE",63.3
483,"NH",69.8
483,"NJ",75.3
483,"NM",70.6
483,"NV",60.5
483,"NY",76.5
483,"OH",58.2
483,"OK",56.9
483,"OR",69.4
483,"PA",68
483,"RI",82
483,"SC",56.6
483,"SD",60.9
483,"TN",54.3
483,"TX",61.1
483,"UT",64
483,"VA",72.8
483,"VT",80.8
483,"WA",72.3
483,"WI",65.3
483,"WV",57.4
483,"WY",51.3
490,"AK",62
490,"AL",51
490,"AR",54.3
490,"AZ",61.4
490,"CA",71.8
490,"CO",70.1
490,"CT",78.9
490,"DE",68.9
490,"FL",66.8
490,"GA",54.5
490,"HI",78.1
490,"IA",61.8
490,"ID",53.9
490,"IL",68.5
490,"IN",54.7
490,"KS",61.2
490,"KY",57.3
490,"LA",53.4
490,"MA",78.7
490,"MD",75.4
490,"ME",79.2
490,"MI",60
490,"MN",69
490,"MO",55.9
490,"MS",51.7
490,"MT",56.6
490,"NC",60.7
490,"ND",54.7
490,"NE",63.4
490,"NH",69.2
490,"NJ",75.4
490,"NM",70.8
490,"NV",60.6
490,"NY",76.7
490,"OH",58.3
490,"OK",57
490,"OR",69.5
490,"PA",68.1
490,"RI",82.2
490,"SC",56.6
490,"SD",61
490,"TN",54.4
490,"TX",61.2
490,"UT",64.1
490,"VA",73
490,"VT",80.9
490,"WA",72.4
490,"WI",65.4
490,"WV",57.5
490,"WY",51.4
497,"AK",62.2
497,"AL",51.1
497,"AR",54.3
497,"AZ",61.5
497,"CA",72
497,"CO",70.2
497,"CT",79.1
497,"DE",69
497,"FL",66.9
497,"GA",54.7
497,"HI",78.2
497,"IA",61.9
497,"ID",54
497,"IL",68.7
497,"IN",54.8
497,"KS",61.3
497,"KY",57.3
497,"LA",53.4
497,"MA",78.9
497,"MD",75.5
497,"ME",79.5
497,"MI",60.1
497,"MN",69.1
497,"MO",56
497,"MS",51.8
497,"MT",56.7
497,"NC",61
497,"ND",54.9
497,"NE",63.5
497,"NH",70.1
497,"NJ",75.5
497,"NM",71
497,"NV",60.7
497,"NY",76.8
497,"OH",58.3
497,"OK",57.2
497,"OR",69.6
497,"PA",68.3
497,"RI",82.4
497,"SC",56.6
497,"SD",61.3
497,"TN",54.5
497,"TX",61.4
497,"UT",64.2
497,"VA",73.1
497,"VT",81.1
497,"WA",72.5
497,"WI",65.5
497,"WV",57.5
497,"WY",51.5
504,"AK",62.3
504,"AL",51.1
504,"AR",54.5
504,"AZ",61.6
504,"CA",72.1
504,"CO",70.3
504,"CT",79.2
504,"DE",69.2
504,"FL",67
504,"GA",54.8
504,"HI",78.3
504,"IA",62
504,"ID",54.1
504,"IL",68.8
504,"IN",54.8
504,"KS",61.5
504,"KY",57.4
504,"LA",53.5
504,"MA",79
504,"MD",75.7
504,"ME",79.6
504,"MI",60.2
504,"MN",69.2
504,"MO",56.1
504,"MS",51.8
504,"MT",56.8
504,"NC",61.2
504,"ND",54.9
504,"NE",63.6
504,"NH",70.4
504,"NJ",75.7
504,"NM",71.1
504,"NV",60.8
504,"NY",77
504,"OH",58.4
504,"OK",57.3
504,"OR",69.7
504,"PA",68.5
504,"RI",82.6
504,"SC",57
504,"SD",61.5
504,"TN",54.5
504,"TX",61.5
504,"UT",64.3
504,"VA",73.2
504,"VT",81.2
504,"WA",72.6
504,"WI",65.6
504,"WV",57.6
504,"WY",51.6
511,"AK",62.5
511,"AL",51.2
511,"AR",54.5
511,"AZ",61.7
511,"CA",72.2
511,"CO",70.4
511,"CT",79.4
511,"DE",69.3
511,"FL",67.1
511,"GA",54.8
511,"HI",78.4
511,"IA",62
511,"ID",54.6
511,"IL",69
511,"IN",54.9
511,"KS",61.6
511,"KY",57.5
511,"LA",53.5
511,"MA",79.2
511,"MD",75.8
511,"ME",79.8
511,"MI",60.3
511,"MN",69.3
511,"MO",56.2
511,"MS",51.9
511,"MT",56.9
511,"NC",61.4
511,"ND",55.7
511,"NE",63.7
511,"NH",70.6
511,"NJ",75.8
511,"NM",71.3
511,"NV",60.9
511,"NY",77.1
511,"OH",58.6
511,"OK",57.4
511,"OR",69.7
511,"PA",68.6
511,"RI",82.7
511,"SC",57.1
511,"SD",61.7
511,"TN",54.6
511,"TX",61.6
511,"UT",64.4
511,"VA",73.4
511,"VT",81.3
511,"WA",72.7
511,"WI",65.7
511,"WV",57.7
511,"WY",51
518,"AK",62.6
518,"AL",51.3
518,"AR",54.6
518,"AZ",61.8
518,"CA",72.4
518,"CO",70.4
518,"CT",79.5
518,"DE",69.5
518,"FL",67.2
518,"GA",54.9
518,"HI",78.5
518,"IA",62.1
518,"ID",54.7
518,"IL",69.2
518,"IN",55
518,"KS",61.7
518,"KY",57.5
518,"LA",53.6
518,"MA",79.3
518,"MD",75.9
518,"ME",79.9
518,"MI",60.3
518,"MN",69.3
518,"MO",56.2
518,"MS",52
518,"MT",56.9
518,"NC",61.6
518,"ND",55.7
518,"NE",63.7
518,"NH",70.8
518,"NJ",75.9
518,"NM",71.4
518,"NV",61
518,"NY",77.2
518,"OH",58.9
518,"OK",57.5
518,"OR",69.8
518,"PA",68.8
518,"RI",82.9
518,"SC",57.2
518,"SD",61.8
518,"TN",54.7
518,"TX",61.7
518,"UT",64.5
518,"VA",73.5
518,"VT",81.4
518,"WA",72.8
518,"WI",65.7
518,"WV",57.7
518,"WY",51
525,"AK",62.6
525,"AL",51.3
525,"AR",54.7
525,"AZ",61.9
525,"CA",72.5
525,"CO",70.5
525,"CT",79.7
525,"DE",69.6
525,"FL",67.3
525,"GA",55
525,"HI",78.6
525,"IA",62.2
525,"ID",55.6
525,"IL",69
525,"IN",55
525,"KS",61.8
525,"KY",57.6
525,"LA",53.7
525,"MA",79.5
525,"MD",76
525,"ME",80
525,"MI",60.4
525,"MN",69.4
525,"MO",56.3
525,"MS",52
525,"MT",57
525,"NC",61.8
525,"ND",55.8
525,"NE",63.8
525,"NH",71
525,"NJ",76
525,"NM",71.5
525,"NV",61.1
525,"NY",77.3
525,"OH",58.9
525,"OK",57.6
525,"OR",69.9
525,"PA",69
525,"RI",83.1
525,"SC",57.3
525,"SD",62
525,"TN",54.7
525,"TX",61.8
525,"UT",64.5
525,"VA",73.6
525,"VT",81.5
525,"WA",72.9
525,"WI",65.8
525,"WV",57.8
525,"WY",51.1
532,"AK",62.7
532,"AL",51.4
532,"AR",54.8
532,"AZ",62
532,"CA",72.6
532,"CO",70.6
532,"CT",79.8
532,"DE",69.7
532,"FL",67.3
532,"GA",55.1
532,"HI",78.6
532,"IA",62.2
532,"ID",55.6
532,"IL",69.2
532,"IN",55.2
532,"KS",61.9
532,"KY",57.7
532,"LA",53.7
532,"MA",79.6
532,"MD",76.1
532,"ME",80.1
532,"MI",60.5
532,"MN",69.5
532,"MO",56.4
532,"MS",52.1
532,"MT",57
532,"NC",62
532,"ND",55.8
532,"NE",63.8
532,"NH",71.1
532,"NJ",76.1
532,"NM",71.6
532,"NV",61.2
532,"NY",77.4
532,"OH",59
532,"OK",57.7
532,"OR",70
532,"PA",69.1
532,"RI",83.3
532,"SC",57.4
532,"SD",62.1
532,"TN",54.8
532,"TX",61.9
532,"UT",64.6
532,"VA",73.7
532,"VT",81.6
532,"WA",72.9
532,"WI",65.9
532,"WV",57.9
532,"WY",51.1
539,"AK",62.8
539,"AL",51.5
539,"AR",54.9
539,"AZ",62.1
539,"CA",72.7
539,"CO",70.7
539,"CT",79.9
539,"DE",69.9
539,"FL",67.5
539,"GA",55.2
539,"HI",78.7
539,"IA",62.3
539,"ID",55.7
539,"IL",69
539,"IN",55.3
539,"KS",62
539,"KY",57.7
539,"LA",53.8
539,"MA",79.7
539,"MD",76.2
539,"ME",80.2
539,"MI",60.5
539,"MN",69.6
539,"MO",56.5
539,"MS",52.1
539,"MT",57.1
539,"NC",62.2
539,"ND",55.9
539,"NE",63.9
539,"NH",71.2
539,"NJ",76.2
539,"NM",71.7
539,"NV",61.3
539,"NY",77.5
539,"OH",58.7
539,"OK",57.7
539,"OR",70.1
539,"PA",69.2
539,"RI",83.4
539,"SC",57.5
539,"SD",62.2
539,"TN",54.9
539,"TX",62
539,"UT",64.6
539,"VA",73.8
539,"VT",81.7
539,"WA",73
539,"WI",65.9
539,"WV",57.9
539,"WY",51.2
546,"AK",62.9
546,"AL",51.5
546,"AR",54.9
546,"AZ",62.2
546,"CA",72.8
546,"CO",70.8
546,"CT",80
546,"DE",69.9
546,"FL",67.5
546,"GA",55.3
546,"HI",78.8
546,"IA",62.3
546,"ID",55.7
546,"IL",69.1
546,"IN",56.3
546,"KS",62.5
546,"KY",57.8
546,"LA",53.8
546,"MA",79.8
546,"MD",76.3
546,"ME",80.3
546,"MI",60.6
546,"MN",69.6
546,"MO",56.5
546,"MS",52.2
546,"MT",57.2
546,"NC",62.3
546,"ND",55.9
546,"NE",64
546,"NH",71.3
546,"NJ",76.3
546,"NM",71.8
546,"NV",61.3
546,"NY",77.6
546,"OH",58.7
546,"OK",57.8
546,"OR",70.1
546,"PA",69.3
546,"RI",83.6
546,"SC",57.5
546,"SD",62.4
546,"TN",54.9
546,"TX",62.1
546,"UT",64.6
546,"VA",73.9
546,"VT",81.8
546,"WA",73.1
546,"WI",66
546,"WV",58
546,"WY",51.2
553,"AK",62.9
553,"AL",51.6
553,"AR",55
553,"AZ",62.3
553,"CA",72.8
553,"CO",70.8
553,"CT",80.1
553,"DE",70
553,"FL",67.6
553,"GA",55.3
553,"HI",78.9
553,"IA",62.4
553,"ID",55.8
553,"IL",69.1
553,"IN",56.4
553,"KS",62.5
553,"KY",57.8
553,"LA",53.9
553,"MA",79.9
553,"MD",76.4
553,"ME",80.4
553,"MI",60.6
553,"MN",69.7
553,"MO",56.6
553,"MS",52.2
553,"MT",57.3
553,"NC",62.4
553,"ND",55.9
553,"NE",64.1
553,"NH",71.5
553,"NJ",76.4
553,"NM",71.9
553,"NV",61.4
553,"NY",77.7
553,"OH",58.8
553,"OK",57.9
553,"OR",70.2
553,"PA",69.4
553,"RI",83.7
553,"SC",57.6
553,"SD",62.5
553,"TN",55
553,"TX",62.2
553,"UT",64.6
553,"VA",74
553,"VT",81.9
553,"WA",73.1
553,"WI",66.1
553,"WV",58.1
553,"WY",51.3
560,"AK",62.7
560,"AL",51.6
560,"AR",55
560,"AZ",62.4
560,"CA",72.8
560,"CO",70.8
560,"CT",80.1
560,"DE",70.1
560,"FL",67.6
560,"GA",55.4
560,"HI",79
560,"IA",62.4
560,"ID",55.8
560,"IL",69
560,"IN",56.4
560,"KS",62.6
560,"KY",57.9
560,"LA",53.9
560,"MA",80
560,"MD",76.5
560,"ME",80.5
560,"MI",60.7
560,"MN",69.7
560,"MO",56.7
560,"MS",52.3
560,"MT",57.3
560,"NC",62.5
560,"ND",56.1
560,"NE",64.1
560,"NH",71.6
560,"NJ",76.5
560,"NM",72
560,"NV",61.4
560,"NY",77.8
560,"OH",58.8
560,"OK",57.9
560,"OR",70.2
560,"PA",69.6
560,"RI",83.7
560,"SC",57.7
560,"SD",62.6
560,"TN",54.9
560,"TX",62.3
560,"UT",64.8
560,"VA",73.8
560,"VT",82
560,"WA",73
560,"WI",66.1
560,"WV",58.1
560,"WY",51.4
567,"AK",62.8
567,"AL",51.6
567,"AR",55.1
567,"AZ",62.5
567,"CA",72.9
567,"CO",70.9
567,"CT",80.2
567,"DE",70.2
567,"FL",67.7
567,"GA",55.5
567,"HI",79.1
567,"IA",62.5
567,"ID",55.9
567,"IL",69.1
567,"IN",56.5
567,"KS",62.6
567,"KY",57.9
567,"LA",54
567,"MA",80.1
567,"MD",76.5
567,"ME",80.6
567,"MI",60.7
567,"MN",69.8
567,"MO",56.7
567,"MS",52.3
567,"MT",57.4
567,"NC",62.6
567,"ND",56.1
567,"NE",64.1
567,"NH",71.7
567,"NJ",76.5
567,"NM",72.1
567,"NV",61.5
567,"NY",77.9
567,"OH",58.8
567,"OK",58
567,"OR",70.3
567,"PA",69.7
567,"RI",83.8
567,"SC",57.7
567,"SD",62.7
567,"TN",55
567,"TX",62.4
567,"UT",64.8
567,"VA",73.9
567,"VT",82
567,"WA",73
567,"WI",66.2
567,"WV",58.2
567,"WY",51.4
574,"AK",62.8
574,"AL",51.7
574,"AR",55.1
574,"AZ",62.5
574,"CA",73
574,"CO",71
574,"CT",80.2
574,"DE",70.3
574,"FL",67.7
574,"GA",55.5
574,"HI",79.3
574,"IA",62.5
574,"ID",55.9
574,"IL",69.2
574,"IN",56.5
574,"KS",62.7
574,"KY",58
574,"LA",54
574,"MA",80.1
574,"MD",76.6
574,"ME",80.7
574,"MI",60.7
574,"MN",69.8
574,"MO",56.8
574,"MS",52.5
574,"MT",57.4
574,"NC",62.7
574,"ND",56.2
574,"NE",64.2
574,"NH",71.7
574,"NJ",76.6
574,"NM",72.1
574,"NV",61.5
574,"NY",77.9
574,"OH",58.9
574,"OK",58.1
574,"OR",70.3
574,"PA",69.8
574,"RI",84
574,"SC",57.8
574,"SD",62.8
574,"TN",55
574,"TX",62.4
574,"UT",64.9
574,"VA",73.9
574,"VT",82.1
574,"WA",73.1
574,"WI",66.2
574,"WV",58.2
574,"WY",51.5
581,"AK",62.9
581,"AL",51.8
581,"AR",55.2
581,"AZ",62.6
581,"CA",73
581,"CO",71
581,"CT",80.3
581,"DE",70.3
581,"FL",67.8
581,"GA",55.6
581,"HI",79.3
581,"IA",62.6
581,"ID",56
581,"IL",69.2
581,"IN",56.6
581,"KS",62.8
581,"KY",58
581,"LA",54.1
581,"MA",80.2
581,"MD",76.7
581,"ME",80.8
581,"MI",60.7
581,"MN",69.9
581,"MO",56.9
581,"MS",52.5
581,"MT",57.4
581,"NC",62.9
581,"ND",56.2
581,"NE",64.2
581,"NH",71.8
581,"NJ",76.7
581,"NM",72.3
581,"NV",61.6
581,"NY",78
581,"OH",59
581,"OK",58.2
581,"OR",70.4
581,"PA",69.9
581,"RI",84.1
581,"SC",57.9
581,"SD",62.8
581,"TN",55.1
581,"TX",62.5
581,"UT",65
581,"VA",74
581,"VT",82.2
581,"WA",73.2
581,"WI",66.3
581,"WV",58.3
581,"WY",51.5
588,"AK",63
588,"AL",51.9
588,"AR",55.3
588,"AZ",62.7
588,"CA",73.1
588,"CO",71.1
588,"CT",80.4
588,"DE",70.4
588,"FL",67.9
588,"GA",55.6
588,"HI",79.4
588,"IA",62.6
588,"ID",56.1
588,"IL",69.3
588,"IN",56.6
588,"KS",62.9
588,"KY",58.1
588,"LA",54.1
588,"MA",80.4
588,"MD",76.8
588,"ME",80.9
588,"MI",60.8
588,"MN",70
588,"MO",57
588,"MS",52.6
588,"MT",57.5
588,"NC",63
588,"ND",56.3
588,"NE",64.4
588,"NH",71.9
588,"NJ",76.8
588,"NM",72.4
588,"NV",61.7
588,"NY",78.1
588,"OH",59
588,"OK",58.3
588,"OR",70.5
588,"PA",70
588,"RI",84.2
588,"SC",57.9
588,"SD",63.1
588,"TN",55.1
588,"TX",62.6
588,"UT",65
588,"VA",74.2
588,"VT",82.3
588,"WA",73.3
588,"WI",66.3
588,"WV",58.3
588,"WY",51.6
595,"AK",63
595,"AL",51.9
595,"AR",55.3
595,"AZ",62.8
595,"CA",73.2
595,"CO",71.2
595,"CT",80.5
595,"DE",70.5
595,"FL",67.9
595,"GA",55.7
595,"HI",79.4
595,"IA",62.7
595,"ID",54.9
595,"IL",69.3
595,"IN",56.6
595,"KS",63
595,"KY",58.2
595,"LA",54.1
595,"MA",80.5
595,"MD",76.9
595,"ME",80.9
595,"MI",60.8
595,"MN",70
595,"MO",57
595,"MS",52.7
595,"MT",57.6
595,"NC",63.1
595,"ND",56.3
595,"NE",64.4
595,"NH",72
595,"NJ",76.8
595,"NM",72.4
595,"NV",61.7
595,"NY",78.2
595,"OH",59.1
595,"OK",58.3
595,"OR",70.5
595,"PA",70.1
595,"RI",84.3
595,"SC",58
595,"SD",63.2
595,"TN",55.2
595,"TX",61.4
595,"UT",65.1
595,"VA",74.3
595,"VT",82.4
595,"WA",73.4
595,"WI",66.4
595,"WV",58.4
595,"WY",51.7
602,"AK",63.2
602,"AL",52
602,"AR",55.4
602,"AZ",62.9
602,"CA",73.3
602,"CO",71.4
602,"CT",80.6
602,"DE",70.7
602,"FL",68
602,"GA",55.7
602,"HI",79.6
602,"IA",62.8
602,"ID",55
602,"IL",69.5
602,"IN",56.7
602,"KS",63.1
602,"KY",58.3
602,"LA",54.2
602,"MA",80.6
602,"MD",77.1
602,"ME",81
602,"MI",60.9
602,"MN",70.1
602,"MO",57.1
602,"MS",52.8
602,"MT",57.7
602,"NC",63.2
602,"ND",56.5
602,"NE",64.6
602,"NH",72.1
602,"NJ",76.9
602,"NM",72.5
602,"NV",61.8
602,"NY",78.3
602,"OH",59.2
602,"OK",58.4
602,"OR",70.6
602,"PA",70.2
602,"RI",84.5
602,"SC",58.1
602,"SD",63.4
602,"TN",55.3
602,"TX",61.5
602,"UT",65.1
602,"VA",74.4
602,"VT",82.6
602,"WA",73.5
602,"WI",66.5
602,"WV",58.5
602,"WY",51.7
609,"AK",63.2
609,"AL",52.1
609,"AR",55.5
609,"AZ",63
609,"CA",73.4
609,"CO",71.4
609,"CT",80.6
609,"DE",70.7
609,"FL",68.1
609,"GA",55.8
609,"HI",79.6
609,"IA",62.8
609,"ID",55.1
609,"IL",69.5
609,"IN",56.8
609,"KS",63.2
609,"KY",58.3
609,"LA",54.3
609,"MA",80.7
609,"MD",77.1
609,"ME",81.1
609,"MI",61
609,"MN",70.2
609,"MO",57.2
609,"MS",52.9
609,"MT",57.8
609,"NC",63.3
609,"ND",56.6
609,"NE",64.6
609,"NH",72.2
609,"NJ",77
609,"NM",72.6
609,"NV",61.9
609,"NY",78.3
609,"OH",59.2
609,"OK",58.5
609,"OR",70.6
609,"PA",70.4
609,"RI",84.6
609,"SC",58.2
609,"SD",63.5
609,"TN",55.3
609,"TX",61.6
609,"UT",65.3
609,"VA",74.4
609,"VT",82.6
609,"WA",73.6
609,"WI",66.5
609,"WV",58.6
609,"WY",51.8
616,"AK",63.3
616,"AL",52.1
616,"AR",55.5
616,"AZ",63.1
616,"CA",73.4
616,"CO",71.5
616,"CT",80.7
616,"DE",70.8
616,"FL",68.1
616,"GA",56
616,"HI",79.7
616,"IA",62.9
616,"ID",55.1
616,"IL",69.5
616,"IN",56.8
616,"KS",63.3
616,"KY",58.4
616,"LA",54.3
616,"MA",80.7
616,"MD",77.2
616,"ME",81.2
616,"MI",61.1
616,"MN",70.3
616,"MO",57.3
616,"MS",52.9
616,"MT",57.8
616,"NC",63.4
616,"ND",56.6
616,"NE",64.7
616,"NH",72.3
616,"NJ",77.1
616,"NM",72.7
616,"NV",61.9
616,"NY",78.4
616,"OH",59.3
616,"OK",58.6
616,"OR",70.7
616,"PA",70.5
616,"RI",84.8
616,"SC",58.3
616,"SD",63.6
616,"TN",55.4
616,"TX",61.6
616,"UT",65.3
616,"VA",74.5
616,"VT",82.7
616,"WA",73.7
616,"WI",66.6
616,"WV",58.6
616,"WY",51.8
623,"AK",63.4
623,"AL",52.2
623,"AR",55.6
623,"AZ",63.1
623,"CA",73.5
623,"CO",71.6
623,"CT",80.8
623,"DE",70.9
623,"FL",68.2
623,"GA",56
623,"HI",79.7
623,"IA",63
623,"ID",55.1
623,"IL",69.6
623,"IN",56.8
623,"KS",63.3
623,"KY",58.4
623,"LA",54.4
623,"MA",80.8
623,"MD",77.3
623,"ME",81.2
623,"MI",61.1
623,"MN",70.4
623,"MO",57.3
623,"MS",53
623,"MT",57.8
623,"NC",63.5
623,"ND",56.7
623,"NE",64.7
623,"NH",72.4
623,"NJ",77.1
623,"NM",72.8
623,"NV",62
623,"NY",78.5
623,"OH",59.3
623,"OK",58.6
623,"OR",70.7
623,"PA",70.5
623,"RI",84.9
623,"SC",58.3
623,"SD",63.7
623,"TN",55.4
623,"TX",61.6
623,"UT",65.4
623,"VA",74.6
623,"VT",82.8
623,"WA",73.7
623,"WI",66.7
623,"WV",58.7
623,"WY",51.9
630,"AK",63.4
630,"AL",52.2
630,"AR",55.6
630,"AZ",63.2
630,"CA",73.5
630,"CO",71.6
630,"CT",80.8
630,"DE",70.9
630,"FL",68.2
630,"GA",56.1
630,"HI",79.7
630,"IA",63
630,"ID",55.2
630,"IL",69.6
630,"IN",56.9
630,"KS",63.4
630,"KY",58.4
630,"LA",54.4
630,"MA",80.9
630,"MD",77.4
630,"ME",81.3
630,"MI",61.1
630,"MN",70.4
630,"MO",57.3
630,"MS",53
630,"MT",57.9
630,"NC",63.5
630,"ND",56.7
630,"NE",64.8
630,"NH",72.4
630,"NJ",77.2
630,"NM",72.8
630,"NV",62
630,"NY",78.5
630,"OH",59.3
630,"OK",58.7
630,"OR",70.7
630,"PA",70.6
630,"RI",85
630,"SC",58.4
630,"SD",63.7
630,"TN",55.4
630,"TX",62.1
630,"UT",65.4
630,"VA",74.7
630,"VT",82.9
630,"WA",73.8
630,"WI",66.7
630,"WV",58.7
630,"WY",51.9
637,"AK",63.5
637,"AL",52.2
637,"AR",55.7
637,"AZ",63.2
637,"CA",73.6
637,"CO",71.7
637,"CT",80.9
637,"DE",71
637,"FL",68.3
637,"GA",56.1
637,"HI",79.8
637,"IA",63
637,"ID",55.2
637,"IL",69.7
637,"IN",56.9
637,"KS",63.5
637,"KY",58.5
637,"LA",54.4
637,"MA",81
637,"MD",77.5
637,"ME",81.4
637,"MI",61.2
637,"MN",70.5
637,"MO",57.4
637,"MS",53
637,"MT",57.9
637,"NC",63.7
637,"ND",56.8
637,"NE",64.8
637,"NH",72.6
637,"NJ",77.2
637,"NM",72.9
637,"NV",62.1
637,"NY",78.6
637,"OH",59.4
637,"OK",58.7
637,"OR",70.8
637,"PA",70.7
637,"RI",85.1
637,"SC",58.4
637,"SD",63.9
637,"TN",55.5
637,"TX",62.1
637,"UT",65.5
637,"VA",74.8
637,"VT",83
637,"WA",73.9
637,"WI",66.7
637,"WV",58.7
637,"WY",51.9
644,"AK",63.5
644,"AL",52.3
644,"AR",55.7
644,"AZ",63.4
644,"CA",73.7
644,"CO",71.8
644,"CT",81.1
644,"DE",71.2
644,"FL",68.4
644,"GA",56.2
644,"HI",79.9
644,"IA",63.1
644,"ID",55.3
644,"IL",69.8
644,"IN",56.9
644,"KS",63.6
644,"KY",58.5
644,"LA",54.4
644,"MA",81.2
644,"MD",77.7
644,"ME",81.5
644,"MI",61.3
644,"MN",70.6
644,"MO",57.5
644,"MS",53.1
644,"MT",58
644,"NC",64
644,"ND",56.8
644,"NE",64.9
644,"NH",72.8
644,"NJ",77.4
644,"NM",73
644,"NV",62.1
644,"NY",78.8
644,"OH",59.5
644,"OK",58.8
644,"OR",70.9
644,"PA",70.8
644,"RI",85.3
644,"SC",58.5
644,"SD",64
644,"TN",55.6
644,"TX",62.2
644,"UT",65.5
644,"VA",74.9
644,"VT",83.2
644,"WA",74
644,"WI",66.8
644,"WV",58.8
644,"WY",52
651,"AK",63.6
651,"AL",52.3
651,"AR",55.8
651,"AZ",63.5
651,"CA",73.8
651,"CO",72
651,"CT",81.2
651,"DE",71.4
651,"FL",68.4
651,"GA",56.3
651,"HI",80.1
651,"IA",63.2
651,"ID",55.4
651,"IL",70
651,"IN",57
651,"KS",63.7
651,"KY",58.6
651,"LA",54.5
651,"MA",81.5
651,"MD",77.8
651,"ME",81.6
651,"MI",61.4
651,"MN",70.7
651,"MO",57.6
651,"MS",53.1
651,"MT",58
651,"NC",64.2
651,"ND",56.9
651,"NE",65
651,"NH",69
651,"NJ",77.5
651,"NM",73.2
651,"NV",62.2
651,"NY",78.9
651,"OH",59.5
651,"OK",59
651,"OR",71
651,"PA",70.8
651,"RI",85.5
651,"SC",58.6
651,"SD",64.2
651,"TN",55.6
651,"TX",62.2
651,"UT",65.6
651,"VA",75
651,"VT",83.3
651,"WA",74.1
651,"WI",66.9
651,"WV",58.9
651,"WY",52.1
658,"AK",64.3
658,"AL",52.4
658,"AR",55.9
658,"AZ",63.6
658,"CA",74
658,"CO",72.1
658,"CT",81.4
658,"DE",71.6
658,"FL",68.5
658,"GA",56.3
658,"HI",80.3
658,"IA",63.3
658,"ID",55.5
658,"IL",70.2
658,"IN",57.1
658,"KS",63.9
658,"KY",58.7
658,"LA",54.6
658,"MA",81.8
658,"MD",78
658,"ME",81.8
658,"MI",61.4
658,"MN",70.8
658,"MO",57.8
658,"MS",53.2
658,"MT",58.2
658,"NC",64.5
658,"ND",57.2
658,"NE",65.1
658,"NH",69.5
658,"NJ",77.7
658,"NM",73.3
658,"NV",62.4
658,"NY",79.1
658,"OH",59.6
658,"OK",59.2
658,"OR",71.1
658,"PA",71.2
658,"RI",85.7
658,"SC",58.8
658,"SD",64.4
658,"TN",55.7
658,"TX",62.3
658,"UT",65.7
658,"VA",75.2
658,"VT",83.5
658,"WA",74.5
658,"WI",67
658,"WV",59
658,"WY",52.2
665,"AK",64.4
665,"AL",52.4
665,"AR",56
665,"AZ",63.7
665,"CA",74.1
665,"CO",72.3
665,"CT",81.5
665,"DE",71.7
665,"FL",68.6
665,"GA",56.4
665,"HI",80.4
665,"IA",63.4
665,"ID",55.6
665,"IL",70.3
665,"IN",57.1
665,"KS",64
665,"KY",58.8
665,"LA",54.6
665,"MA",82
665,"MD",78.2
665,"ME",81.9
665,"MI",61.5
665,"MN",70.9
665,"MO",57.9
665,"MS",53.2
665,"MT",58.3
665,"NC",64.8
665,"ND",57.3
665,"NE",65.2
665,"NH",69.6
665,"NJ",77.8
665,"NM",73.5
665,"NV",62.5
665,"NY",79.3
665,"OH",59.7
665,"OK",59.3
665,"OR",71.2
665,"PA",71.3
665,"RI",85.9
665,"SC",58.9
665,"SD",64.4
665,"TN",55.7
665,"TX",62.4
665,"UT",65.8
665,"VA",75.3
665,"VT",83.7
665,"WA",74.7
665,"WI",67.2
665,"WV",59
665,"WY",52.2
672,"AK",64.4
672,"AL",52.5
672,"AR",56.1
672,"AZ",63.8
672,"CA",74.2
672,"CO",72.4
672,"CT",81.8
672,"DE",71.8
672,"FL",68.6
672,"GA",56.4
672,"HI",80.5
672,"IA",63.5
672,"ID",55.7
672,"IL",70.3
672,"IN",57.2
672,"KS",64.1
672,"KY",58.9
672,"LA",54.6
672,"MA",82.2
672,"MD",78.3
672,"ME",82.1
672,"MI",61.6
672,"MN",71
672,"MO",58
672,"MS",53.3
672,"MT",58.4
672,"NC",65
672,"ND",57.4
672,"NE",65.3
672,"NH",69.7
672,"NJ",77.9
672,"NM",73.7
672,"NV",62.6
672,"NY",79.4
672,"OH",59.7
672,"OK",59.4
672,"OR",71.3
672,"PA",71.5
672,"RI",86.1
672,"SC",59
672,"SD",64.6
672,"TN",55.8
672,"TX",62.4
672,"UT",65.9
672,"VA",75.4
672,"VT",83.9
672,"WA",74.8
672,"WI",67.3
672,"WV",59.1
672,"WY",52.3
679,"AK",64.5
679,"AL",52.5
679,"AR",56.2
679,"AZ",63.9
679,"CA",74.2
679,"CO",72.5
679,"CT",81.9
679,"DE",71.8
679,"FL",68.7
679,"GA",56.5
679,"HI",80.6
679,"IA",63.6
679,"ID",55.8
679,"IL",70.4
679,"IN",57.2
679,"KS",64.3
679,"KY",59
679,"LA",54.7
679,"MA",82.5
679,"MD",78.4
679,"ME",82.2
679,"MI",61.7
679,"MN",71.2
679,"MO",58.1
679,"MS",53.3
679,"MT",58.4
679,"NC",65.3
679,"ND",57.6
679,"NE",65.3
679,"NH",70.4
679,"NJ",78.1
679,"NM",73.8
679,"NV",62.7
679,"NY",79.6
679,"OH",59.8
679,"OK",59.5
679,"OR",71.3
679,"PA",71.7
679,"RI",86.3
679,"SC",59.1
679,"SD",65
679,"TN",55.8
679,"TX",62.5
679,"UT",65.9
679,"VA",75.6
679,"VT",84.2
679,"WA",74.9
679,"WI",67.4
679,"WV",59.2
679,"WY",52.4
686,"AK",64.6
686,"AL",52.6
686,"AR",56.2
686,"AZ",65.3
686,"CA",74.3
686,"CO",72.7
686,"CT",82.1
686,"DE",71.9
686,"FL",68.8
686,"GA",56.6
686,"HI",80.7
686,"IA",63.7
686,"ID",55.9
686,"IL",70.6
686,"IN",57.2
686,"KS",64.4
686,"KY",59.1
686,"LA",54.7
686,"MA",82.7
686,"MD",78.6
686,"ME",82.3
686,"MI",61.8
686,"MN",71.3
686,"MO",58.2
686,"MS",53.3
686,"MT",58.6
686,"NC",65.6
686,"ND",57.8
686,"NE",65.4
686,"NH",70.4
686,"NJ",78.2
686,"NM",74.1
686,"NV",62.8
686,"NY",79.7
686,"OH",59.9
686,"OK",59.7
686,"OR",71.5
686,"PA",71.9
686,"RI",86.5
686,"SC",59.2
686,"SD",65.1
686,"TN",55.9
686,"TX",62.5
686,"UT",66.1
686,"VA",75.7
686,"VT",84.3
686,"WA",75.1
686,"WI",67.5
686,"WV",59.2
686,"WY",52.6
693,"AK",64.7
693,"AL",52.6
693,"AR",56.3
693,"AZ",65.4
693,"CA",74.4
693,"CO",72.8
693,"CT",82.2
693,"DE",72
693,"FL",68.9
693,"GA",56.7
693,"HI",80.8
693,"IA",63.8
693,"ID",56
693,"IL",70.7
693,"IN",57.3
693,"KS",64.5
693,"KY",59.1
693,"LA",54.8
693,"MA",82.9
693,"MD",78.8
693,"ME",82.4
693,"MI",61.9
693,"MN",71.4
693,"MO",58.3
693,"MS",53.4
693,"MT",58.6
693,"NC",65.8
693,"ND",57.9
693,"NE",65.6
693,"NH",70.5
693,"NJ",78.3
693,"NM",74.2
693,"NV",62.9
693,"NY",79.8
693,"OH",60
693,"OK",59.8
693,"OR",71.6
693,"PA",72.1
693,"RI",86.7
693,"SC",59.3
693,"SD",65.3
693,"TN",56
693,"TX",62.7
693,"UT",66.1
693,"VA",75.7
693,"VT",84.4
693,"WA",75.2
693,"WI",67.6
693,"WV",59.3
693,"WY",52.6
700,"AK",64.7
700,"AL",52.7
700,"AR",56.4
700,"AZ",65.5
700,"CA",74.6
700,"CO",72.9
700,"CT",82.3
700,"DE",72
700,"FL",68.9
700,"GA",56.7
700,"HI",80.9
700,"IA",63.9
700,"ID",56
700,"IL",70.8
700,"IN",57.4
700,"KS",64.6
700,"KY",59.2
700,"LA",54.8
700,"MA",83.1
700,"MD",78.9
700,"ME",82.5
700,"MI",61.9
700,"MN",71.5
700,"MO",58.5
700,"MS",53.4
700,"MT",58.7
700,"NC",66
700,"ND",58
700,"NE",65.7
700,"NH",70.5
700,"NJ",78.4
700,"NM",74.4
700,"NV",63
700,"NY",79.9
700,"OH",60
700,"OK",59.9
700,"OR",71.7
700,"PA",72.3
700,"RI",86.8
700,"SC",59.4
700,"SD",65.5
700,"TN",56
700,"TX",62.8
700,"UT",66.1
700,"VA",75.9
700,"VT",84.6
700,"WA",75.3
700,"WI",67.7
700,"WV",59.4
700,"WY",52.7
